category,file,line,call_kind,object,operation,rationale
A,app/api/account/delete/route.ts,25,from,profiles,SELECT,lecture applicative normale
A,app/api/account/delete/route.ts,35,from,tracks,SELECT,lecture applicative normale
A,app/api/account/delete/route.ts,46,from,creator_posts,SELECT,lecture applicative normale
A,app/api/account/delete/route.ts,47,from,music_clips,SELECT,lecture applicative normale
A,app/api/account/delete/route.ts,48,from,messages,SELECT,lecture applicative normale
A,app/api/account/delete/route.ts,49,from,ai_generations,SELECT,lecture applicative normale
A,app/api/account/delete/route.ts,50,from,conversation_participants,SELECT,lecture applicative normale
A,app/api/account/delete/route.ts,55,from,message_attachments,SELECT,lecture applicative normale
A,app/api/account/delete/route.ts,58,from,ai_tracks,SELECT,lecture applicative normale
B,app/api/account/delete/route.ts,111,from,(dynamic),DELETE,mutation applicative normale
B,app/api/account/delete/route.ts,119,from,comment_moderation,DELETE,mutation applicative normale
B,app/api/account/delete/route.ts,124,from,creator_comment_filters,DELETE,mutation applicative normale
B,app/api/account/delete/route.ts,132,from,ai_tracks,DELETE,mutation applicative normale
B,app/api/account/delete/route.ts,138,from,ai_generations,DELETE,mutation applicative normale
B,app/api/account/delete/route.ts,145,from,play_stats,DELETE,mutation applicative normale
B,app/api/account/delete/route.ts,151,from,profiles,DELETE,mutation applicative normale
C,app/api/admin/challenges/[id]/route.ts,37,from,music_challenges,SELECT,operation administrative protegee
C,app/api/admin/challenges/[id]/route.ts,131,from,music_challenges,UPDATE,operation administrative protegee
C,app/api/admin/challenges/[id]/route.ts,146,from,music_challenges,DELETE,operation administrative protegee
C,app/api/admin/challenges/route.ts,34,from,music_challenges,SELECT,operation administrative protegee
C,app/api/admin/challenges/route.ts,112,from,music_challenges,INSERT,operation administrative protegee
C,app/api/admin/editorial-collections/[id]/route.ts,25,from,editorial_collections,SELECT,operation administrative protegee
C,app/api/admin/editorial-collections/[id]/route.ts,32,from,playlists,SELECT,operation administrative protegee
C,app/api/admin/editorial-collections/[id]/route.ts,115,from,playlists,UPDATE,operation administrative protegee
C,app/api/admin/editorial-collections/[id]/route.ts,152,from,editorial_collections,UPDATE,operation administrative protegee
C,app/api/admin/editorial-collections/[id]/route.ts,179,from,playlists,UPDATE,operation administrative protegee
C,app/api/admin/editorial-collections/[id]/route.ts,209,from,playlists,DELETE,operation administrative protegee
C,app/api/admin/editorial-collections/[id]/tracks/route.ts,67,from,editorial_collections,SELECT,operation administrative protegee
C,app/api/admin/editorial-collections/[id]/tracks/route.ts,83,from,playlists,SELECT,operation administrative protegee
C,app/api/admin/editorial-collections/[id]/tracks/route.ts,99,from,playlist_tracks,SELECT,operation administrative protegee
C,app/api/admin/editorial-collections/[id]/tracks/route.ts,116,from,playlist_tracks,SELECT,operation administrative protegee
C,app/api/admin/editorial-collections/[id]/tracks/route.ts,150,from,tracks,SELECT,operation administrative protegee
C,app/api/admin/editorial-collections/[id]/tracks/route.ts,155,from,playlist_tracks,SELECT,operation administrative protegee
C,app/api/admin/editorial-collections/[id]/tracks/route.ts,162,from,playlist_tracks,INSERT,operation administrative protegee
C,app/api/admin/editorial-collections/[id]/tracks/route.ts,224,from,tracks,INSERT,operation administrative protegee
C,app/api/admin/editorial-collections/[id]/tracks/route.ts,227,from,tracks,INSERT,operation administrative protegee
C,app/api/admin/editorial-collections/[id]/tracks/route.ts,236,from,playlist_tracks,INSERT,operation administrative protegee
C,app/api/admin/editorial-collections/[id]/tracks/route.ts,243,from,tracks,DELETE,operation administrative protegee
C,app/api/admin/editorial-collections/[id]/tracks/route.ts,271,from,playlist_tracks,DELETE,operation administrative protegee
C,app/api/admin/editorial-collections/[id]/tracks/route.ts,272,from,tracks,DELETE,operation administrative protegee
C,app/api/admin/editorial-collections/route.ts,23,from,editorial_collections,SELECT,operation administrative protegee
C,app/api/admin/editorial-collections/route.ts,36,from,playlist_tracks,SELECT,operation administrative protegee
C,app/api/admin/editorial-collections/route.ts,51,from,editorial_collections,SELECT,operation administrative protegee
C,app/api/admin/editorial-collections/route.ts,64,from,playlists,SELECT,operation administrative protegee
C,app/api/admin/editorial-collections/route.ts,152,from,playlists,INSERT,operation administrative protegee
C,app/api/admin/editorial-collections/route.ts,155,from,playlists,INSERT,operation administrative protegee
C,app/api/admin/editorial-collections/route.ts,177,from,editorial_collections,INSERT,operation administrative protegee
C,app/api/admin/editorial-collections/route.ts,201,from,playlists,DELETE,operation administrative protegee
C,app/api/admin/emails/route.ts,91,from,admin_email_campaigns,INSERT,operation administrative protegee
C,app/api/admin/emails/route.ts,144,from,admin_email_campaigns,SELECT,operation administrative protegee
C,app/api/admin/migrate-albums/route.ts,13,from,playlists,SELECT,operation administrative protegee
C,app/api/admin/migrate-albums/route.ts,22,from,playlists,SELECT,operation administrative protegee
C,app/api/admin/migrate-albums/route.ts,31,from,playlist_tracks,SELECT,operation administrative protegee
C,app/api/admin/migrate-albums/route.ts,33,from,tracks,SELECT,operation administrative protegee
C,app/api/admin/migrate-albums/route.ts,39,from,playlists,UPDATE,operation administrative protegee
C,app/api/admin/notifications/route.ts,21,from,admin_broadcasts,SELECT,operation administrative protegee
C,app/api/admin/notifications/route.ts,33,from,notifications,SELECT,operation administrative protegee
C,app/api/admin/notifications/route.ts,37,from,notifications,SELECT,operation administrative protegee
C,app/api/admin/notifications/route.ts,42,from,push_subscriptions,SELECT,operation administrative protegee
C,app/api/admin/notifications/route.ts,48,from,admin_broadcasts,SELECT,operation administrative protegee
C,app/api/admin/notifications/route.ts,52,from,notifications,SELECT,operation administrative protegee
C,app/api/admin/star-academy/[id]/route.ts,27,from,star_academy_applications,SELECT,operation administrative protegee
C,app/api/admin/star-academy/[id]/route.ts,47,from,profiles,UPDATE,operation administrative protegee
C,app/api/admin/star-academy/[id]/route.ts,59,from,star_academy_applications,UPDATE,operation administrative protegee
C,app/api/admin/star-academy/[id]/route.ts,109,from,star_academy_applications,UPDATE,operation administrative protegee
C,app/api/admin/star-academy/[id]/route.ts,130,from,star_academy_applications,SELECT,operation administrative protegee
C,app/api/admin/star-academy/[id]/route.ts,142,from,star_academy_applications,SELECT,operation administrative protegee
C,app/api/admin/star-academy/route.ts,16,from,star_academy_applications,SELECT,operation administrative protegee
C,app/api/admin/star-academy/staff/[id]/route.ts,57,from,star_academy_staff_applications,SELECT,operation administrative protegee
C,app/api/admin/star-academy/staff/[id]/route.ts,71,from,star_academy_staff_applications,UPDATE,operation administrative protegee
C,app/api/admin/star-academy/staff/[id]/route.ts,92,from,star_academy_staff_applications,UPDATE,operation administrative protegee
C,app/api/admin/star-academy/staff/[id]/route.ts,108,from,star_academy_staff_applications,SELECT,operation administrative protegee
C,app/api/admin/star-academy/staff/route.ts,16,from,star_academy_staff_applications,SELECT,operation administrative protegee
E,app/api/admin/tracks/fix-covers/route.ts,14,from,tracks,SELECT,diagnostic ou maintenance
E,app/api/admin/tracks/fix-covers/route.ts,29,from,tracks,UPDATE,diagnostic ou maintenance
E,app/api/admin/tracks/fix-covers/route.ts,51,from,tracks,SELECT,diagnostic ou maintenance
C,app/api/admin/users/route.ts,23,from,profiles,SELECT,operation administrative protegee
C,app/api/admin/users/route.ts,80,from,profiles,SELECT,operation administrative protegee
C,app/api/admin/users/route.ts,96,from,profiles,SELECT,operation administrative protegee
C,app/api/admin/users/route.ts,103,from,profiles,UPDATE,operation administrative protegee
A,app/api/ai/credits/route.ts,8,from,ai_credit_balances,SELECT,lecture applicative normale
A,app/api/ai/generations/[id]/trash/route.ts,23,from,ai_generations,SELECT,lecture applicative normale
B,app/api/ai/generations/[id]/trash/route.ts,39,from,ai_generations,UPDATE,mutation applicative normale
A,app/api/ai/generations/[id]/visibility/route.ts,31,from,ai_generations,SELECT,lecture applicative normale
A,app/api/ai/generations/[id]/visibility/route.ts,45,from,ai_tracks,SELECT,lecture applicative normale
B,app/api/ai/generations/[id]/visibility/route.ts,56,from,ai_generations,UPDATE,mutation applicative normale
B,app/api/ai/generations/[id]/visibility/route.ts,74,from,ai_tracks,UPDATE,mutation applicative normale
A,app/api/ai/library/route.ts,18,from,ai_generations,SELECT,lecture applicative normale
A,app/api/ai/library/tracks/route.ts,18,from,ai_generations,SELECT,lecture applicative normale
A,app/api/ai/library/tracks/route.ts,36,from,ai_track_likes,SELECT,lecture applicative normale
A,app/api/ai/quota/route.ts,13,from,profiles,SELECT,lecture applicative normale
A,app/api/ai/quota/route.ts,23,from,ai_generations,SELECT,lecture applicative normale
A,app/api/ai/quota/route.ts,33,from,ai_credit_balances,SELECT,lecture applicative normale
A,app/api/ai/status-simple/[taskId]/route.ts,16,from,ai_generations,SELECT,lecture applicative normale
A,app/api/ai/status/[taskId]/route.ts,17,from,ai_generations,SELECT,lecture applicative normale
A,app/api/ai/tags/suggestions/route.ts,37,from,ai_tracks,SELECT,lecture applicative normale
A,app/api/ai/tags/suggestions/route.ts,67,from,track_views,SELECT,lecture applicative normale
A,app/api/ai/tags/suggestions/route.ts,77,from,tracks,SELECT,lecture applicative normale
A,app/api/ai/tags/suggestions/route.ts,98,from,ai_tracks,SELECT,lecture applicative normale
A,app/api/ai/tracks/[id]/favorite/route.ts,24,from,ai_track_likes,SELECT,lecture applicative normale
A,app/api/ai/tracks/[id]/favorite/route.ts,37,from,ai_tracks,SELECT,lecture applicative normale
B,app/api/ai/tracks/[id]/favorite/route.ts,50,from,ai_track_likes,INSERT,mutation applicative normale
B,app/api/ai/tracks/[id]/favorite/route.ts,57,from,ai_track_likes,DELETE,mutation applicative normale
A,app/api/ai/tracks/[id]/route.ts,17,from,ai_tracks,SELECT,lecture applicative normale
B,app/api/ai/tracks/[id]/route.ts,42,from,ai_tracks,DELETE,mutation applicative normale
A,app/api/ai/tracks/[id]/route.ts,85,from,ai_tracks,SELECT,lecture applicative normale
B,app/api/ai/tracks/[id]/route.ts,107,from,ai_tracks,UPDATE,mutation applicative normale
A,app/api/ai/tracks/[id]/route.ts,132,from,ai_tracks,SELECT,lecture applicative normale
A,app/api/ai/tracks/[id]/visibility/route.ts,31,from,ai_tracks,SELECT,lecture applicative normale
B,app/api/ai/tracks/[id]/visibility/route.ts,60,from,ai_tracks,UPDATE,mutation applicative normale
B,app/api/ai/upload-source/route.ts,42,from,ai_generations,INSERT,mutation applicative normale
B,app/api/ai/upload-source/route.ts,74,from,ai_tracks,INSERT,mutation applicative normale
B,app/api/ai/upload-source/route.ts,79,from,ai_generations,DELETE,mutation applicative normale
B,app/api/ai/upload-source/route.ts,87,from,ai_tracks,UPDATE,mutation applicative normale
B,app/api/ai/upload-source/route.ts,91,from,ai_generations,UPDATE,mutation applicative normale
F,app/api/auth/count-users/route.ts,7,from,profiles,SELECT,authentification ou identite
B,app/api/billing/cancel-subscription/route.ts,25,from,profiles,UPDATE,mutation applicative normale
B,app/api/billing/confirm-subscription/route.ts,68,from,profiles,UPDATE,mutation applicative normale
B,app/api/billing/credits/verify/route.ts,37,rpc,ai_add_credits,MUTATION,mutation applicative normale
B,app/api/billing/downgrade-to-free/route.ts,24,from,profiles,UPDATE,mutation applicative normale
B,app/api/billing/verify-checkout/route.ts,61,from,profiles,UPDATE,mutation applicative normale
D,app/api/billing/webhook/route.ts,50,from,profiles,UPDATE,webhook/callback externe
D,app/api/billing/webhook/route.ts,64,rpc,ai_add_credits,MUTATION,webhook/callback externe
D,app/api/billing/webhook/route.ts,81,from,profiles,SELECT,webhook/callback externe
D,app/api/billing/webhook/route.ts,106,rpc,ai_add_credits,MUTATION,webhook/callback externe
A,app/api/boosters/active/route.ts,18,from,active_track_boosts,SELECT,lecture applicative normale
A,app/api/boosters/claim-pack/route.ts,77,from,profiles,SELECT,lecture applicative normale
A,app/api/boosters/claim-pack/route.ts,101,from,user_booster_pack_claims,SELECT,lecture applicative normale
A,app/api/boosters/claim-pack/route.ts,116,from,boosters,SELECT,lecture applicative normale
B,app/api/boosters/claim-pack/route.ts,129,from,user_boosters,INSERT,mutation applicative normale
B,app/api/boosters/claim-pack/route.ts,139,from,user_booster_open_history,INSERT,mutation applicative normale
B,app/api/boosters/claim-pack/route.ts,154,from,user_booster_pack_claims,UPSERT,mutation applicative normale
A,app/api/boosters/history/route.ts,21,from,user_booster_open_history,SELECT,lecture applicative normale
A,app/api/boosters/my-active/route.ts,18,from,active_track_boosts,SELECT,lecture applicative normale
A,app/api/boosters/my-active/route.ts,24,from,active_artist_boosts,SELECT,lecture applicative normale
A,app/api/boosters/open/route.ts,76,from,profiles,SELECT,lecture applicative normale
A,app/api/boosters/open/route.ts,85,from,user_booster_daily,SELECT,lecture applicative normale
A,app/api/boosters/open/route.ts,114,from,user_booster_pity,SELECT,lecture applicative normale
A,app/api/boosters/open/route.ts,134,from,boosters,SELECT,lecture applicative normale
B,app/api/boosters/open/route.ts,147,from,user_boosters,INSERT,mutation applicative normale
B,app/api/boosters/open/route.ts,158,from,user_booster_open_history,INSERT,mutation applicative normale
B,app/api/boosters/open/route.ts,182,from,user_booster_pity,UPSERT,mutation applicative normale
B,app/api/boosters/open/route.ts,187,from,user_booster_daily,UPSERT,mutation applicative normale
A,app/api/boosters/route.ts,22,from,profiles,SELECT,lecture applicative normale
A,app/api/boosters/route.ts,28,from,user_boosters,SELECT,lecture applicative normale
A,app/api/boosters/route.ts,33,from,user_booster_daily,SELECT,lecture applicative normale
A,app/api/boosters/route.ts,55,from,user_booster_pity,SELECT,lecture applicative normale
A,app/api/boosters/route.ts,72,from,user_booster_pack_claims,SELECT,lecture applicative normale
A,app/api/boosters/use/route.ts,31,from,user_boosters,SELECT,lecture applicative normale
A,app/api/boosters/use/route.ts,57,from,active_artist_boosts,SELECT,lecture applicative normale
B,app/api/boosters/use/route.ts,74,from,active_artist_boosts,UPDATE,mutation applicative normale
B,app/api/boosters/use/route.ts,80,from,active_artist_boosts,INSERT,mutation applicative normale
B,app/api/boosters/use/route.ts,87,from,user_boosters,UPDATE,mutation applicative normale
A,app/api/boosters/use/route.ts,117,from,tracks,SELECT,lecture applicative normale
A,app/api/boosters/use/route.ts,137,from,active_track_boosts,SELECT,lecture applicative normale
B,app/api/boosters/use/route.ts,160,from,active_track_boosts,UPDATE,mutation applicative normale
B,app/api/boosters/use/route.ts,168,from,active_track_boosts,DELETE,mutation applicative normale
B,app/api/boosters/use/route.ts,178,from,active_track_boosts,INSERT,mutation applicative normale
B,app/api/boosters/use/route.ts,195,from,user_boosters,UPDATE,mutation applicative normale
A,app/api/city/events/[id]/claim/route.ts,29,from,active_track_boosts,SELECT,lecture applicative normale
B,app/api/city/events/[id]/claim/route.ts,43,from,active_track_boosts,UPDATE,mutation applicative normale
A,app/api/city/events/[id]/claim/route.ts,56,from,boosters,SELECT,lecture applicative normale
A,app/api/city/events/[id]/claim/route.ts,64,from,boosters,SELECT,lecture applicative normale
B,app/api/city/events/[id]/claim/route.ts,77,from,active_track_boosts,INSERT,mutation applicative normale
A,app/api/city/events/[id]/claim/route.ts,96,from,profiles,SELECT,lecture applicative normale
A,app/api/city/events/[id]/claim/route.ts,110,from,city_events,SELECT,lecture applicative normale
A,app/api/city/events/[id]/claim/route.ts,122,from,city_event_votes,SELECT,lecture applicative normale
A,app/api/city/events/[id]/claim/route.ts,133,from,profiles,SELECT,lecture applicative normale
B,app/api/city/events/[id]/claim/route.ts,155,from,profiles,UPDATE,mutation applicative normale
A,app/api/city/events/[id]/claim/route.ts,202,from,city_user_rewards,SELECT,lecture applicative normale
B,app/api/city/events/[id]/claim/route.ts,236,from,city_user_rewards,UPDATE,mutation applicative normale
A,app/api/city/events/[id]/participate/route.ts,16,from,ai_tracks,SELECT,lecture applicative normale
A,app/api/city/events/[id]/participate/route.ts,25,from,tracks,SELECT,lecture applicative normale
A,app/api/city/events/[id]/participate/route.ts,33,from,profiles,SELECT,lecture applicative normale
B,app/api/city/events/[id]/participate/route.ts,46,from,profiles,UPDATE,mutation applicative normale
A,app/api/city/events/[id]/participate/route.ts,69,from,city_events,SELECT,lecture applicative normale
B,app/api/city/events/[id]/participate/route.ts,94,from,city_event_participations,UPSERT,mutation applicative normale
B,app/api/city/events/[id]/participate/route.ts,116,from,city_event_tracks,UPSERT,mutation applicative normale
A,app/api/city/events/[id]/resolve/route.ts,15,from,ai_tracks,SELECT,lecture applicative normale
A,app/api/city/events/[id]/resolve/route.ts,24,from,tracks,SELECT,lecture applicative normale
A,app/api/city/events/[id]/resolve/route.ts,37,from,profiles,SELECT,lecture applicative normale
A,app/api/city/events/[id]/resolve/route.ts,47,from,city_events,SELECT,lecture applicative normale
A,app/api/city/events/[id]/resolve/route.ts,56,from,city_event_tracks,SELECT,lecture applicative normale
A,app/api/city/events/[id]/resolve/route.ts,57,from,city_event_votes,SELECT,lecture applicative normale
A,app/api/city/events/[id]/resolve/route.ts,58,from,city_event_participations,SELECT,lecture applicative normale
B,app/api/city/events/[id]/resolve/route.ts,85,from,city_event_winners,UPSERT,mutation applicative normale
B,app/api/city/events/[id]/resolve/route.ts,100,from,city_events,UPDATE,mutation applicative normale
B,app/api/city/events/[id]/resolve/route.ts,102,from,city_user_rewards,UPSERT,mutation applicative normale
A,app/api/city/events/[id]/route.ts,25,from,city_events,SELECT,lecture applicative normale
A,app/api/city/events/[id]/route.ts,26,from,city_event_tracks,SELECT,lecture applicative normale
A,app/api/city/events/[id]/route.ts,27,from,city_event_votes,SELECT,lecture applicative normale
A,app/api/city/events/[id]/route.ts,28,from,city_event_participations,SELECT,lecture applicative normale
A,app/api/city/events/[id]/route.ts,29,from,city_event_winners,SELECT,lecture applicative normale
A,app/api/city/events/[id]/route.ts,30,from,city_user_rewards,SELECT,lecture applicative normale
B,app/api/city/route.ts,365,from,city_events,UPSERT,mutation applicative normale
B,app/api/city/route.ts,380,from,city_event_tracks,UPSERT,mutation applicative normale
B,app/api/city/route.ts,430,from,city_event_tracks,UPSERT,mutation applicative normale
B,app/api/city/route.ts,436,from,city_event_votes,UPSERT,mutation applicative normale
B,app/api/city/route.ts,442,from,city_event_participations,UPSERT,mutation applicative normale
A,app/api/city/route.ts,450,from,city_events,SELECT,lecture applicative normale
A,app/api/city/route.ts,451,from,city_event_tracks,SELECT,lecture applicative normale
A,app/api/city/route.ts,452,from,city_event_votes,SELECT,lecture applicative normale
A,app/api/city/route.ts,453,from,city_event_participations,SELECT,lecture applicative normale
A,app/api/city/route.ts,454,from,city_event_winners,SELECT,lecture applicative normale
A,app/api/city/route.ts,455,from,city_user_rewards,SELECT,lecture applicative normale
A,app/api/city/route.ts,457,from,active_track_boosts,SELECT,lecture applicative normale
B,app/api/city/route.ts,541,from,city_event_winners,UPSERT,mutation applicative normale
B,app/api/city/route.ts,567,from,city_user_rewards,UPSERT,mutation applicative normale
B,app/api/city/route.ts,801,from,profiles,UPDATE,mutation applicative normale
A,app/api/city/route.ts,862,from,tracks,SELECT,lecture applicative normale
A,app/api/city/route.ts,868,from,ai_tracks,SELECT,lecture applicative normale
A,app/api/city/route.ts,875,from,track_stats_rolling_30d,SELECT,lecture applicative normale
A,app/api/city/route.ts,876,from,profiles,SELECT,lecture applicative normale
A,app/api/city/route.ts,877,from,comments,SELECT,lecture applicative normale
A,app/api/city/route.ts,878,from,user_follows,SELECT,lecture applicative normale
A,app/api/city/route.ts,879,from,track_events,SELECT,lecture applicative normale
A,app/api/city/route.ts,880,from,track_likes,SELECT,lecture applicative normale
A,app/api/city/route.ts,881,from,profiles,SELECT,lecture applicative normale
A,app/api/city/route.ts,882,from,profiles,SELECT,lecture applicative normale
A,app/api/city/route.ts,889,from,profiles,SELECT,lecture applicative normale
A,app/api/city/vote/route.ts,13,from,profiles,SELECT,lecture applicative normale
B,app/api/city/vote/route.ts,25,from,profiles,UPDATE,mutation applicative normale
A,app/api/city/vote/route.ts,44,from,city_events,SELECT,lecture applicative normale
A,app/api/city/vote/route.ts,64,from,city_event_tracks,SELECT,lecture applicative normale
B,app/api/city/vote/route.ts,73,from,city_event_votes,UPSERT,mutation applicative normale
A,app/api/creator/filters/route.ts,15,from,creator_comment_filters,SELECT,lecture applicative normale
B,app/api/creator/filters/route.ts,42,from,creator_comment_filters,INSERT,mutation applicative normale
B,app/api/creator/filters/route.ts,63,from,creator_comment_filters,DELETE,mutation applicative normale
A,app/api/daily-spin/route.ts,35,from,user_daily_spin,SELECT,lecture applicative normale
A,app/api/daily-spin/route.ts,57,from,ai_credit_balances,SELECT,lecture applicative normale
B,app/api/daily-spin/route.ts,64,rpc,ai_add_credits,MUTATION,mutation applicative normale
A,app/api/daily-spin/route.ts,75,from,boosters,SELECT,lecture applicative normale
B,app/api/daily-spin/route.ts,82,from,user_boosters,INSERT,mutation applicative normale
B,app/api/daily-spin/route.ts,95,from,user_booster_open_history,INSERT,mutation applicative normale
B,app/api/daily-spin/route.ts,137,from,user_daily_spin,UPSERT,mutation applicative normale
B,app/api/daily-spin/route.ts,161,from,user_daily_spin_history,INSERT,mutation applicative normale
A,app/api/discover/moods/route.ts,25,from,ai_tracks,SELECT,lecture applicative normale
A,app/api/discover/moods/route.ts,39,from,profiles,SELECT,lecture applicative normale
A,app/api/media/upload/route.ts,42,from,star_academy_config,SELECT,lecture applicative normale
A,app/api/media/upload/route.ts,67,from,profiles,SELECT,lecture applicative normale
A,app/api/messages/[conversationId]/[messageId]/reactions/route.ts,15,from,messages,SELECT,lecture applicative normale
A,app/api/messages/[conversationId]/[messageId]/reactions/route.ts,29,from,message_reactions,SELECT,lecture applicative normale
A,app/api/messages/[conversationId]/[messageId]/reactions/route.ts,37,from,profiles,SELECT,lecture applicative normale
B,app/api/messages/[conversationId]/[messageId]/reactions/route.ts,61,from,message_reactions,UPSERT,mutation applicative normale
B,app/api/messages/[conversationId]/[messageId]/reactions/route.ts,76,from,message_reactions,DELETE,mutation applicative normale
A,app/api/messages/[conversationId]/[messageId]/route.ts,15,from,messages,SELECT,lecture applicative normale
B,app/api/messages/[conversationId]/[messageId]/route.ts,42,from,messages,UPDATE,mutation applicative normale
B,app/api/messages/[conversationId]/[messageId]/route.ts,52,from,message_pins,UPSERT,mutation applicative normale
B,app/api/messages/[conversationId]/[messageId]/route.ts,62,from,message_pins,DELETE,mutation applicative normale
B,app/api/messages/[conversationId]/[messageId]/route.ts,72,from,message_hidden_users,DELETE,mutation applicative normale
B,app/api/messages/[conversationId]/[messageId]/route.ts,95,from,message_hidden_users,UPSERT,mutation applicative normale
A,app/api/messages/[conversationId]/[messageId]/route.ts,103,from,message_attachments,SELECT,lecture applicative normale
B,app/api/messages/[conversationId]/[messageId]/route.ts,107,from,messages,UPDATE,mutation applicative normale
A,app/api/messages/[conversationId]/participants/route.ts,17,from,conversations,SELECT,lecture applicative normale
B,app/api/messages/[conversationId]/participants/route.ts,26,from,conversations,UPDATE,mutation applicative normale
A,app/api/messages/[conversationId]/participants/route.ts,48,from,conversation_participants,SELECT,lecture applicative normale
A,app/api/messages/[conversationId]/participants/route.ts,54,from,conversation_participants,SELECT,lecture applicative normale
B,app/api/messages/[conversationId]/participants/route.ts,73,from,conversation_participants,INSERT,mutation applicative normale
B,app/api/messages/[conversationId]/participants/route.ts,117,from,conversation_participants,UPDATE,mutation applicative normale
B,app/api/messages/[conversationId]/participants/route.ts,151,from,conversation_participants,DELETE,mutation applicative normale
B,app/api/messages/[conversationId]/rooms/[roomId]/route.ts,31,from,conversation_rooms,UPDATE,mutation applicative normale
A,app/api/messages/[conversationId]/rooms/[roomId]/route.ts,45,from,conversation_rooms,SELECT,lecture applicative normale
B,app/api/messages/[conversationId]/rooms/[roomId]/route.ts,54,from,messages,UPDATE,mutation applicative normale
B,app/api/messages/[conversationId]/rooms/[roomId]/route.ts,55,from,conversation_rooms,DELETE,mutation applicative normale
A,app/api/messages/[conversationId]/rooms/route.ts,19,from,conversation_rooms,SELECT,lecture applicative normale
A,app/api/messages/[conversationId]/rooms/route.ts,47,from,conversation_rooms,SELECT,lecture applicative normale
B,app/api/messages/[conversationId]/rooms/route.ts,52,from,conversation_rooms,INSERT,mutation applicative normale
A,app/api/messages/[conversationId]/route.ts,110,from,conversations,SELECT,lecture applicative normale
A,app/api/messages/[conversationId]/route.ts,117,from,conversation_rooms,SELECT,lecture applicative normale
A,app/api/messages/[conversationId]/route.ts,131,from,messages,SELECT,lecture applicative normale
A,app/api/messages/[conversationId]/route.ts,150,from,message_hidden_users,SELECT,lecture applicative normale
A,app/api/messages/[conversationId]/route.ts,167,from,messages,SELECT,lecture applicative normale
A,app/api/messages/[conversationId]/route.ts,179,from,message_reactions,SELECT,lecture applicative normale
A,app/api/messages/[conversationId]/route.ts,183,from,message_attachments,SELECT,lecture applicative normale
A,app/api/messages/[conversationId]/route.ts,188,from,message_pins,SELECT,lecture applicative normale
B,app/api/messages/[conversationId]/route.ts,228,from,conversation_participants,UPDATE,mutation applicative normale
A,app/api/messages/[conversationId]/route.ts,282,from,conversations,SELECT,lecture applicative normale
A,app/api/messages/[conversationId]/route.ts,307,from,conversation_rooms,SELECT,lecture applicative normale
A,app/api/messages/[conversationId]/route.ts,362,from,messages,SELECT,lecture applicative normale
B,app/api/messages/[conversationId]/route.ts,372,from,messages,INSERT,mutation applicative normale
A,app/api/messages/[conversationId]/route.ts,394,from,messages,SELECT,lecture applicative normale
B,app/api/messages/[conversationId]/route.ts,410,from,message_attachments,INSERT,mutation applicative normale
B,app/api/messages/[conversationId]/route.ts,418,from,messages,DELETE,mutation applicative normale
A,app/api/messages/[conversationId]/route.ts,424,from,message_attachments,SELECT,lecture applicative normale
B,app/api/messages/[conversationId]/route.ts,431,from,conversation_participants,UPDATE,mutation applicative normale
B,app/api/messages/[conversationId]/route.ts,436,from,conversation_participants,UPDATE,mutation applicative normale
A,app/api/messages/[conversationId]/route.ts,496,from,conversation_participants,SELECT,lecture applicative normale
B,app/api/messages/[conversationId]/route.ts,511,from,conversation_participants,UPDATE,mutation applicative normale
A,app/api/messages/[conversationId]/route.ts,538,from,conversations,SELECT,lecture applicative normale
B,app/api/messages/[conversationId]/route.ts,562,from,conversations,UPDATE,mutation applicative normale
B,app/api/messages/[conversationId]/route.ts,584,from,conversation_participants,UPDATE,mutation applicative normale
B,app/api/messages/[conversationId]/seen/route.ts,22,from,conversation_participants,UPDATE,mutation applicative normale
B,app/api/messages/[conversationId]/seen/route.ts,27,from,messages,UPDATE,mutation applicative normale
A,app/api/messages/accept/[requestId]/route.ts,18,from,message_requests,SELECT,lecture applicative normale
A,app/api/messages/blocks/route.ts,12,from,user_blocks,SELECT,lecture applicative normale
A,app/api/messages/blocks/route.ts,35,from,profiles,SELECT,lecture applicative normale
B,app/api/messages/blocks/route.ts,38,from,user_blocks,UPSERT,mutation applicative normale
B,app/api/messages/blocks/route.ts,45,from,message_requests,UPDATE,mutation applicative normale
B,app/api/messages/blocks/route.ts,51,from,message_requests,UPDATE,mutation applicative normale
B,app/api/messages/blocks/route.ts,60,from,conversation_participants,UPDATE,mutation applicative normale
B,app/api/messages/blocks/route.ts,80,from,user_blocks,DELETE,mutation applicative normale
A,app/api/messages/contacts/route.ts,14,from,friendships,SELECT,lecture applicative normale
A,app/api/messages/contacts/route.ts,15,from,friendships,SELECT,lecture applicative normale
A,app/api/messages/contacts/route.ts,25,from,conversations,SELECT,lecture applicative normale
B,app/api/messages/contacts/route.ts,57,from,conversation_participants,UPDATE,mutation applicative normale
A,app/api/messages/conversations/route.ts,40,from,conversation_participants,SELECT,lecture applicative normale
A,app/api/messages/conversations/route.ts,51,from,conversations,SELECT,lecture applicative normale
A,app/api/messages/conversations/route.ts,63,from,conversation_participants,SELECT,lecture applicative normale
A,app/api/messages/conversations/route.ts,67,from,messages,SELECT,lecture applicative normale
A,app/api/messages/conversations/route.ts,88,from,messages,SELECT,lecture applicative normale
A,app/api/messages/conversations/route.ts,104,from,friendships,SELECT,lecture applicative normale
A,app/api/messages/conversations/route.ts,105,from,friendships,SELECT,lecture applicative normale
A,app/api/messages/conversations/route.ts,107,from,user_blocks,SELECT,lecture applicative normale
A,app/api/messages/conversations/route.ts,175,from,profiles,SELECT,lecture applicative normale
B,app/api/messages/conversations/route.ts,190,from,conversations,INSERT,mutation applicative normale
B,app/api/messages/conversations/route.ts,203,from,conversation_participants,INSERT,mutation applicative normale
B,app/api/messages/conversations/route.ts,208,from,conversations,DELETE,mutation applicative normale
B,app/api/messages/conversations/route.ts,212,from,conversation_rooms,INSERT,mutation applicative normale
B,app/api/messages/conversations/route.ts,217,from,conversations,DELETE,mutation applicative normale
A,app/api/messages/conversations/route.ts,228,from,profiles,SELECT,lecture applicative normale
B,app/api/messages/conversations/route.ts,238,from,conversation_participants,UPDATE,mutation applicative normale
A,app/api/messages/requests/[id]/route.ts,19,from,message_requests,SELECT,lecture applicative normale
B,app/api/messages/requests/[id]/route.ts,57,from,message_requests,UPDATE,mutation applicative normale
A,app/api/messages/requests/route.ts,38,from,message_requests,SELECT,lecture applicative normale
A,app/api/messages/requests/route.ts,44,from,message_requests,SELECT,lecture applicative normale
A,app/api/messages/requests/route.ts,96,from,profiles,SELECT,lecture applicative normale
A,app/api/messages/requests/route.ts,116,from,user_follows,SELECT,lecture applicative normale
A,app/api/messages/requests/route.ts,127,from,message_requests,SELECT,lecture applicative normale
A,app/api/messages/requests/route.ts,136,from,message_requests,SELECT,lecture applicative normale
B,app/api/messages/requests/route.ts,158,from,message_requests,INSERT,mutation applicative normale
A,app/api/messages/requests/route.ts,166,from,message_requests,SELECT,lecture applicative normale
A,app/api/messages/requests/route.ts,173,from,message_requests,SELECT,lecture applicative normale
A,app/api/messages/requests/status/route.ts,38,from,message_requests,SELECT,lecture applicative normale
A,app/api/messages/requests/status/route.ts,46,from,message_requests,SELECT,lecture applicative normale
A,app/api/messages/unread/route.ts,12,from,conversation_participants,SELECT,lecture applicative normale
A,app/api/messages/unread/route.ts,20,from,messages,SELECT,lecture applicative normale
A,app/api/messages/unread/route.ts,28,from,message_requests,SELECT,lecture applicative normale
A,app/api/meteo/alerts/[id]/route.ts,10,from,meteo_team_members,SELECT,lecture applicative normale
B,app/api/meteo/alerts/[id]/route.ts,57,from,meteo_alerts,UPDATE,mutation applicative normale
A,app/api/meteo/alerts/active/route.ts,11,from,meteo_alerts,SELECT,lecture applicative normale
A,app/api/meteo/alerts/route.ts,10,from,meteo_team_members,SELECT,lecture applicative normale
A,app/api/meteo/alerts/route.ts,34,from,meteo_alerts,SELECT,lecture applicative normale
B,app/api/meteo/alerts/route.ts,85,from,meteo_alerts,INSERT,mutation applicative normale
A,app/api/meteo/bulletin/[id]/route.ts,20,from,meteo_bulletins,SELECT,lecture applicative normale
A,app/api/meteo/bulletin/[id]/route.ts,31,from,meteo_team_members,SELECT,lecture applicative normale
A,app/api/meteo/bulletin/[id]/route.ts,76,from,meteo_team_members,SELECT,lecture applicative normale
A,app/api/meteo/bulletin/[id]/route.ts,92,from,meteo_bulletins,SELECT,lecture applicative normale
B,app/api/meteo/bulletin/[id]/route.ts,191,from,meteo_bulletins,UPDATE,mutation applicative normale
B,app/api/meteo/bulletin/[id]/route.ts,225,from,meteo_bulletins,UPDATE,mutation applicative normale
A,app/api/meteo/bulletin/[id]/share/route.ts,16,from,meteo_bulletins,SELECT,lecture applicative normale
B,app/api/meteo/bulletin/[id]/share/route.ts,28,from,meteo_bulletins,UPDATE,mutation applicative normale
B,app/api/meteo/bulletin/[id]/share/route.ts,39,from,meteo_reactions,UPSERT,mutation applicative normale
A,app/api/meteo/bulletin/publish-scheduled/route.ts,66,from,meteo_bulletins,SELECT,lecture applicative normale
B,app/api/meteo/bulletin/publish-scheduled/route.ts,93,from,meteo_bulletins,UPDATE,mutation applicative normale
B,app/api/meteo/bulletin/publish-scheduled/route.ts,101,from,meteo_bulletins,UPDATE,mutation applicative normale
A,app/api/meteo/bulletin/restore/route.ts,27,from,meteo_bulletins,SELECT,lecture applicative normale
B,app/api/meteo/bulletin/restore/route.ts,42,from,meteo_bulletins,UPDATE,mutation applicative normale
B,app/api/meteo/bulletin/restore/route.ts,57,from,meteo_bulletins,UPDATE,mutation applicative normale
A,app/api/meteo/bulletin/route.ts,19,from,meteo_team_members,SELECT,lecture applicative normale
B,app/api/meteo/bulletin/route.ts,119,from,meteo_bulletins,UPDATE,mutation applicative normale
B,app/api/meteo/bulletin/route.ts,165,from,meteo_bulletins,INSERT,mutation applicative normale
A,app/api/meteo/bulletin/route.ts,205,from,meteo_team_members,SELECT,lecture applicative normale
A,app/api/meteo/bulletin/route.ts,219,from,meteo_bulletins,SELECT,lecture applicative normale
A,app/api/meteo/bulletin/status/route.ts,33,from,meteo_bulletins,SELECT,lecture applicative normale
B,app/api/meteo/bulletin/status/route.ts,50,from,meteo_bulletins,UPDATE,mutation applicative normale
B,app/api/meteo/bulletin/status/route.ts,66,from,meteo_bulletins,UPDATE,mutation applicative normale
B,app/api/meteo/bulletin/status/route.ts,93,from,meteo_bulletins,UPDATE,mutation applicative normale
A,app/api/meteo/bulletins/route.ts,25,from,meteo_bulletins,SELECT,lecture applicative normale
A,app/api/meteo/comments/[id]/route.ts,10,from,meteo_team_members,SELECT,lecture applicative normale
B,app/api/meteo/comments/[id]/route.ts,41,from,meteo_comments,UPDATE,mutation applicative normale
A,app/api/meteo/comments/[id]/route.ts,73,from,meteo_comments,SELECT,lecture applicative normale
B,app/api/meteo/comments/[id]/route.ts,92,from,meteo_comments,DELETE,mutation applicative normale
A,app/api/meteo/comments/route.ts,22,from,meteo_comments,SELECT,lecture applicative normale
A,app/api/meteo/comments/route.ts,43,from,profiles,SELECT,lecture applicative normale
A,app/api/meteo/comments/route.ts,56,from,meteo_comments,SELECT,lecture applicative normale
A,app/api/meteo/comments/route.ts,95,from,meteo_bulletins,SELECT,lecture applicative normale
A,app/api/meteo/comments/route.ts,110,from,meteo_comments,SELECT,lecture applicative normale
B,app/api/meteo/comments/route.ts,122,from,meteo_comments,INSERT,mutation applicative normale
A,app/api/meteo/comments/route.ts,138,from,profiles,SELECT,lecture applicative normale
A,app/api/meteo/public/route.ts,15,from,meteo_bulletins,SELECT,lecture applicative normale
A,app/api/meteo/public/route.ts,26,from,meteo_bulletins,SELECT,lecture applicative normale
B,app/api/meteo/public/route.ts,57,from,meteo_views,INSERT,mutation applicative normale
A,app/api/meteo/public/route.ts,72,from,meteo_bulletins,SELECT,lecture applicative normale
A,app/api/meteo/reactions/route.ts,10,from,meteo_reactions,SELECT,lecture applicative normale
A,app/api/meteo/reactions/route.ts,45,from,meteo_reactions,SELECT,lecture applicative normale
A,app/api/meteo/reactions/route.ts,81,from,meteo_reactions,SELECT,lecture applicative normale
B,app/api/meteo/reactions/route.ts,92,from,meteo_reactions,DELETE,mutation applicative normale
B,app/api/meteo/reactions/route.ts,102,from,meteo_reactions,INSERT,mutation applicative normale
A,app/api/meteo/send-presentation/route.ts,147,from,meteo_team_members,SELECT,lecture applicative normale
A,app/api/meteo/settings/route.ts,15,from,meteo_team_members,SELECT,lecture applicative normale
A,app/api/meteo/settings/route.ts,25,from,meteo_settings,SELECT,lecture applicative normale
A,app/api/meteo/settings/route.ts,49,from,meteo_settings,SELECT,lecture applicative normale
B,app/api/meteo/settings/route.ts,97,from,meteo_settings,UPSERT,mutation applicative normale
A,app/api/meteo/stats/route.ts,29,from,meteo_team_members,SELECT,lecture applicative normale
A,app/api/meteo/stats/route.ts,51,from,meteo_bulletins,SELECT,lecture applicative normale
A,app/api/meteo/stats/route.ts,73,from,meteo_bulletins,SELECT,lecture applicative normale
A,app/api/meteo/stats/route.ts,92,from,meteo_views,SELECT,lecture applicative normale
A,app/api/meteo/team/route.ts,10,from,meteo_team_members,SELECT,lecture applicative normale
A,app/api/meteo/team/route.ts,34,from,meteo_team_members,SELECT,lecture applicative normale
A,app/api/meteo/team/route.ts,43,from,profiles,SELECT,lecture applicative normale
A,app/api/meteo/team/route.ts,95,from,profiles,SELECT,lecture applicative normale
A,app/api/meteo/team/route.ts,105,from,meteo_team_members,SELECT,lecture applicative normale
B,app/api/meteo/team/route.ts,115,from,meteo_team_members,UPDATE,mutation applicative normale
B,app/api/meteo/team/route.ts,122,from,meteo_team_members,INSERT,mutation applicative normale
A,app/api/meteo/team/route.ts,162,from,meteo_team_members,SELECT,lecture applicative normale
B,app/api/meteo/team/route.ts,184,from,meteo_team_members,UPDATE,mutation applicative normale
A,app/api/meteo/team/route.ts,217,from,meteo_team_members,SELECT,lecture applicative normale
B,app/api/meteo/team/route.ts,231,from,meteo_team_members,DELETE,mutation applicative normale
A,app/api/missions/claim-many/route.ts,28,from,missions,SELECT,lecture applicative normale
A,app/api/missions/claim-many/route.ts,33,from,user_missions,SELECT,lecture applicative normale
B,app/api/missions/claim-many/route.ts,51,from,user_missions,UPDATE,mutation applicative normale
B,app/api/missions/claim-many/route.ts,70,from,boosters,INSERT,mutation applicative normale
B,app/api/missions/claim-many/route.ts,75,from,user_boosters,INSERT,mutation applicative normale
B,app/api/missions/claim-many/route.ts,89,from,user_booster_open_history,INSERT,mutation applicative normale
B,app/api/missions/claim-many/route.ts,102,from,user_missions,UPDATE,mutation applicative normale
A,app/api/missions/claim/route.ts,25,from,missions,SELECT,lecture applicative normale
A,app/api/missions/claim/route.ts,26,from,user_missions,SELECT,lecture applicative normale
B,app/api/missions/claim/route.ts,36,from,user_missions,UPDATE,mutation applicative normale
B,app/api/missions/claim/route.ts,52,from,boosters,INSERT,mutation applicative normale
B,app/api/missions/claim/route.ts,57,from,user_boosters,INSERT,mutation applicative normale
B,app/api/missions/claim/route.ts,67,from,user_booster_open_history,INSERT,mutation applicative normale
B,app/api/missions/claim/route.ts,81,from,user_missions,UPDATE,mutation applicative normale
A,app/api/missions/route.ts,18,from,missions,SELECT,lecture applicative normale
A,app/api/missions/route.ts,32,from,user_missions,SELECT,lecture applicative normale
B,app/api/missions/route.ts,53,from,user_missions,UPDATE,mutation applicative normale
A,app/api/mobile/discover/route.ts,29,from,tracks,SELECT,lecture applicative normale
B,app/api/music-clips/[id]/comments/[commentId]/route.ts,27,from,music_clips,UPDATE,mutation applicative normale
A,app/api/music-clips/[id]/comments/route.ts,13,from,music_clips,SELECT,lecture applicative normale
B,app/api/music-clips/[id]/comments/route.ts,25,from,music_clips,UPDATE,mutation applicative normale
A,app/api/music-clips/[id]/comments/route.ts,57,from,profiles,SELECT,lecture applicative normale
A,app/api/music-clips/[id]/comments/route.ts,91,from,profiles,SELECT,lecture applicative normale
A,app/api/music-clips/[id]/like/route.ts,12,from,music_clips,SELECT,lecture applicative normale
B,app/api/music-clips/[id]/like/route.ts,24,from,music_clips,UPDATE,mutation applicative normale
A,app/api/music-clips/[id]/route.ts,35,from,music_clips,SELECT,lecture applicative normale
B,app/api/music-clips/[id]/route.ts,132,from,music_clips,UPDATE,mutation applicative normale
B,app/api/music-clips/[id]/route.ts,169,from,music_clips,DELETE,mutation applicative normale
A,app/api/music-clips/route.ts,39,from,profiles,SELECT,lecture applicative normale
A,app/api/music-clips/route.ts,54,from,music_clips,SELECT,lecture applicative normale
B,app/api/music-clips/route.ts,135,from,music_clips,INSERT,mutation applicative normale
A,app/api/music-clips/sources/route.ts,31,from,tracks,SELECT,lecture applicative normale
A,app/api/music-clips/sources/route.ts,38,from,ai_tracks,SELECT,lecture applicative normale
A,app/api/music-clips/sources/route.ts,50,from,tracks,SELECT,lecture applicative normale
A,app/api/music-clips/sources/route.ts,58,from,ai_generations,SELECT,lecture applicative normale
A,app/api/music-clips/sources/route.ts,67,from,profiles,SELECT,lecture applicative normale
A,app/api/music-clips/sources/route.ts,90,from,ai_tracks,SELECT,lecture applicative normale
A,app/api/music-clips/sources/route.ts,108,from,tracks,SELECT,lecture applicative normale
A,app/api/music-clips/sources/route.ts,116,from,ai_generations,SELECT,lecture applicative normale
A,app/api/music-clips/sources/route.ts,128,from,ai_tracks,SELECT,lecture applicative normale
A,app/api/notifications/boost/route.ts,18,from,profiles,SELECT,lecture applicative normale
A,app/api/notifications/boost/route.ts,19,from,user_booster_daily,SELECT,lecture applicative normale
A,app/api/notifications/boost/route.ts,24,from,user_daily_spin,SELECT,lecture applicative normale
A,app/api/notifications/boost/route.ts,72,from,active_track_boosts,SELECT,lecture applicative normale
A,app/api/notifications/boost/route.ts,89,from,active_artist_boosts,SELECT,lecture applicative normale
A,app/api/notifications/preferences/route.ts,30,from,notification_preferences,SELECT,lecture applicative normale
B,app/api/notifications/preferences/route.ts,62,from,notification_preferences,UPSERT,mutation applicative normale
A,app/api/notifications/push/native/route.ts,18,from,push_subscriptions,SELECT,lecture applicative normale
B,app/api/notifications/push/native/route.ts,46,from,push_subscriptions,UPSERT,mutation applicative normale
B,app/api/notifications/push/native/route.ts,79,from,push_subscriptions,DELETE,mutation applicative normale
A,app/api/notifications/push/native/route.ts,96,from,push_subscriptions,SELECT,lecture applicative normale
A,app/api/notifications/push/send/route.ts,31,from,push_subscriptions,SELECT,lecture applicative normale
B,app/api/notifications/push/send/route.ts,68,from,push_subscriptions,DELETE,mutation applicative normale
B,app/api/notifications/push/subscribe/route.ts,18,from,push_subscriptions,UPSERT,mutation applicative normale
B,app/api/notifications/push/subscribe/route.ts,52,from,push_subscriptions,DELETE,mutation applicative normale
A,app/api/notifications/route.ts,31,from,notifications,SELECT,lecture applicative normale
A,app/api/notifications/route.ts,49,from,notifications,SELECT,lecture applicative normale
A,app/api/notifications/route.ts,55,from,notifications,SELECT,lecture applicative normale
A,app/api/notifications/route.ts,72,from,notifications,SELECT,lecture applicative normale
B,app/api/notifications/route.ts,132,from,notifications,UPDATE,mutation applicative normale
B,app/api/notifications/route.ts,142,from,notifications,UPDATE,mutation applicative normale
B,app/api/notifications/route.ts,152,from,notifications,UPDATE,mutation applicative normale
B,app/api/notifications/route.ts,177,from,notifications,DELETE,mutation applicative normale
B,app/api/notifications/route.ts,186,from,notifications,DELETE,mutation applicative normale
A,app/api/playlists/albums/route.ts,18,from,playlists,SELECT,lecture applicative normale
A,app/api/playlists/popular/route.ts,28,from,editorial_collections,SELECT,lecture applicative normale
A,app/api/posts/[id]/comments/route.ts,18,from,post_comments,SELECT,lecture applicative normale
A,app/api/posts/[id]/comments/route.ts,39,from,profiles,SELECT,lecture applicative normale
B,app/api/posts/[id]/comments/route.ts,86,from,post_comments,INSERT,mutation applicative normale
A,app/api/posts/[id]/comments/route.ts,97,from,creator_posts,SELECT,lecture applicative normale
B,app/api/posts/[id]/comments/route.ts,104,from,creator_posts,UPDATE,mutation applicative normale
A,app/api/posts/[id]/comments/route.ts,115,from,profiles,SELECT,lecture applicative normale
A,app/api/posts/[id]/comments/route.ts,154,from,post_comments,SELECT,lecture applicative normale
A,app/api/posts/[id]/comments/route.ts,165,from,creator_posts,SELECT,lecture applicative normale
B,app/api/posts/[id]/comments/route.ts,177,from,post_comments,DELETE,mutation applicative normale
B,app/api/posts/[id]/comments/route.ts,188,from,creator_posts,UPDATE,mutation applicative normale
B,app/api/posts/[id]/like/route.ts,21,from,post_likes,INSERT,mutation applicative normale
A,app/api/posts/[id]/like/route.ts,33,from,creator_posts,SELECT,lecture applicative normale
B,app/api/posts/[id]/like/route.ts,40,from,creator_posts,UPDATE,mutation applicative normale
B,app/api/posts/[id]/like/route.ts,71,from,post_likes,DELETE,mutation applicative normale
A,app/api/posts/[id]/like/route.ts,80,from,creator_posts,SELECT,lecture applicative normale
B,app/api/posts/[id]/like/route.ts,87,from,creator_posts,UPDATE,mutation applicative normale
A,app/api/posts/[id]/route.ts,42,from,ai_tracks,SELECT,lecture applicative normale
A,app/api/posts/[id]/route.ts,60,from,profiles,SELECT,lecture applicative normale
A,app/api/posts/[id]/route.ts,76,from,tracks,SELECT,lecture applicative normale
A,app/api/posts/[id]/route.ts,125,from,creator_posts,SELECT,lecture applicative normale
A,app/api/posts/[id]/route.ts,147,from,post_likes,SELECT,lecture applicative normale
A,app/api/posts/[id]/route.ts,178,from,creator_posts,SELECT,lecture applicative normale
A,app/api/posts/[id]/route.ts,209,from,creator_posts,SELECT,lecture applicative normale
B,app/api/posts/[id]/route.ts,219,from,creator_posts,UPDATE,mutation applicative normale
A,app/api/posts/[id]/route.ts,246,from,creator_posts,SELECT,lecture applicative normale
B,app/api/posts/[id]/route.ts,256,from,creator_posts,DELETE,mutation applicative normale
A,app/api/posts/route.ts,57,from,ai_tracks,SELECT,lecture applicative normale
A,app/api/posts/route.ts,71,from,profiles,SELECT,lecture applicative normale
A,app/api/posts/route.ts,87,from,tracks,SELECT,lecture applicative normale
A,app/api/posts/route.ts,129,from,post_likes,SELECT,lecture applicative normale
A,app/api/posts/route.ts,150,from,creator_posts,SELECT,lecture applicative normale
A,app/api/posts/route.ts,200,from,user_follows,SELECT,lecture applicative normale
A,app/api/posts/route.ts,209,from,creator_posts,SELECT,lecture applicative normale
A,app/api/posts/route.ts,224,from,creator_posts,SELECT,lecture applicative normale
A,app/api/posts/route.ts,311,from,creator_posts,SELECT,lecture applicative normale
B,app/api/posts/route.ts,329,from,creator_posts,INSERT,mutation applicative normale
A,app/api/ranking/feed/route.ts,38,from,user_follows,SELECT,lecture applicative normale
A,app/api/recommendations/feed/route.ts,61,from,creator_posts,SELECT,lecture applicative normale
A,app/api/recommendations/feed/route.ts,71,from,tracks,SELECT,lecture applicative normale
A,app/api/recommendations/feed/route.ts,97,from,post_likes,SELECT,lecture applicative normale
B,app/api/recommendations/impressions/route.ts,56,from,recommendation_impressions,INSERT,mutation applicative normale
B,app/api/recommendations/impressions/route.ts,77,from,track_events,INSERT,mutation applicative normale
A,app/api/recommendations/mixed/route.ts,35,from,tracks,SELECT,lecture applicative normale
A,app/api/recommendations/mixed/route.ts,60,from,post_likes,SELECT,lecture applicative normale
A,app/api/recommendations/mixed/route.ts,83,from,creator_posts,SELECT,lecture applicative normale
A,app/api/recommendations/taste/route.ts,18,from,profiles,SELECT,lecture applicative normale
B,app/api/recommendations/taste/route.ts,63,from,profiles,UPDATE,mutation applicative normale
B,app/api/recommendations/taste/route.ts,77,from,track_events,INSERT,mutation applicative normale
B,app/api/recommendations/taste/route.ts,101,from,profiles,UPDATE,mutation applicative normale
A,app/api/referral/route.ts,15,from,profiles,SELECT,lecture applicative normale
A,app/api/referral/route.ts,25,from,referrals,SELECT,lecture applicative normale
A,app/api/referral/route.ts,67,from,profiles,SELECT,lecture applicative normale
A,app/api/referral/route.ts,81,from,referrals,SELECT,lecture applicative normale
A,app/api/referral/route.ts,90,from,referrals,SELECT,lecture applicative normale
B,app/api/referral/route.ts,100,from,referrals,INSERT,mutation applicative normale
B,app/api/referral/route.ts,109,from,profiles,UPDATE,mutation applicative normale
B,app/api/referral/route.ts,111,rpc,ai_add_credits,MUTATION,mutation applicative normale
B,app/api/referral/route.ts,118,rpc,ai_add_credits,MUTATION,mutation applicative normale
A,app/api/referral/validate/route.ts,10,from,profiles,SELECT,lecture applicative normale
A,app/api/remixes/[id]/decision/route.ts,36,from,track_remixes,SELECT,lecture applicative normale
A,app/api/remixes/[id]/decision/route.ts,65,from,profiles,SELECT,lecture applicative normale
B,app/api/remixes/[id]/decision/route.ts,77,from,track_remixes,UPDATE,mutation applicative normale
B,app/api/remixes/[id]/decision/route.ts,106,from,track_remixes,UPDATE,mutation applicative normale
B,app/api/remixes/[id]/decision/route.ts,116,from,ai_tracks,UPDATE,mutation applicative normale
B,app/api/remixes/[id]/decision/route.ts,125,from,ai_generations,UPDATE,mutation applicative normale
A,app/api/remixes/pending/route.ts,21,from,tracks,SELECT,lecture applicative normale
A,app/api/remixes/pending/route.ts,22,from,ai_generations,SELECT,lecture applicative normale
A,app/api/remixes/pending/route.ts,30,from,ai_tracks,SELECT,lecture applicative normale
A,app/api/remixes/pending/route.ts,43,from,track_remixes,SELECT,lecture applicative normale
A,app/api/remixes/pending/route.ts,52,from,track_remixes,SELECT,lecture applicative normale
A,app/api/remixes/pending/route.ts,71,from,ai_tracks,SELECT,lecture applicative normale
A,app/api/remixes/pending/route.ts,76,from,profiles,SELECT,lecture applicative normale
A,app/api/remixes/sources/route.ts,31,from,tracks,SELECT,lecture applicative normale
A,app/api/remixes/sources/route.ts,38,from,ai_tracks,SELECT,lecture applicative normale
A,app/api/search/route.ts,102,from,creator_posts,SELECT,lecture applicative normale
A,app/api/share-card/[id]/route.tsx,42,from,ai_tracks,SELECT,lecture applicative normale
A,app/api/share-card/[id]/route.tsx,52,from,profiles,SELECT,lecture applicative normale
A,app/api/share-card/[id]/route.tsx,68,from,tracks,SELECT,lecture applicative normale
A,app/api/share-card/[id]/route.tsx,77,from,profiles,SELECT,lecture applicative normale
A,app/api/share-card/[id]/route.tsx,95,from,track_waveforms,SELECT,lecture applicative normale
A,app/api/star-academy/apply-staff/route.ts,90,from,star_academy_config,SELECT,lecture applicative normale
A,app/api/star-academy/apply-staff/route.ts,98,from,star_academy_staff_applications,SELECT,lecture applicative normale
A,app/api/star-academy/apply-staff/route.ts,110,from,profiles,SELECT,lecture applicative normale
B,app/api/star-academy/apply-staff/route.ts,118,from,star_academy_staff_applications,INSERT,mutation applicative normale
A,app/api/star-academy/apply/route.ts,79,from,star_academy_config,SELECT,lecture applicative normale
A,app/api/star-academy/apply/route.ts,100,from,star_academy_applications,SELECT,lecture applicative normale
A,app/api/star-academy/apply/route.ts,110,from,star_academy_applications,SELECT,lecture applicative normale
B,app/api/star-academy/apply/route.ts,145,from,star_academy_applications,INSERT,mutation applicative normale
B,app/api/star-academy/apply/route.ts,188,from,star_academy_applications,UPDATE,mutation applicative normale
A,app/api/star-academy/status/route.ts,7,from,star_academy_applications,SELECT,lecture applicative normale
A,app/api/star-academy/status/route.ts,21,from,star_academy_applications,SELECT,lecture applicative normale
A,app/api/stats/all-tracks/route.ts,9,from,tracks,SELECT,lecture applicative normale
A,app/api/stats/all-tracks/route.ts,15,from,tracks,SELECT,lecture applicative normale
A,app/api/stats/all-tracks/route.ts,46,from,ai_tracks,SELECT,lecture applicative normale
A,app/api/stats/all-tracks/route.ts,66,from,track_views,SELECT,lecture applicative normale
A,app/api/stats/all-tracks/route.ts,73,from,track_views,SELECT,lecture applicative normale
A,app/api/stats/all-tracks/route.ts,92,from,track_likes,SELECT,lecture applicative normale
A,app/api/stats/all-tracks/route.ts,104,from,track_events,SELECT,lecture applicative normale
A,app/api/stats/audience/route.ts,10,from,tracks,SELECT,lecture applicative normale
A,app/api/stats/audience/route.ts,14,from,tracks,SELECT,lecture applicative normale
A,app/api/stats/audience/route.ts,18,from,ai_tracks,SELECT,lecture applicative normale
A,app/api/stats/audience/route.ts,54,from,track_views,SELECT,lecture applicative normale
A,app/api/stats/audience/route.ts,62,from,track_views,SELECT,lecture applicative normale
E,app/api/stats/debug/route.ts,20,from,tracks,SELECT,diagnostic ou maintenance
E,app/api/stats/debug/route.ts,28,from,tracks,SELECT,diagnostic ou maintenance
E,app/api/stats/debug/route.ts,36,from,tracks,SELECT,diagnostic ou maintenance
E,app/api/stats/debug/route.ts,44,from,track_views,SELECT,diagnostic ou maintenance
E,app/api/stats/debug/route.ts,56,from,ai_tracks,SELECT,diagnostic ou maintenance
E,app/api/stats/debug/route.ts,64,from,tracks,SELECT,diagnostic ou maintenance
E,app/api/stats/debug/route.ts,68,from,track_views,SELECT,diagnostic ou maintenance
E,app/api/stats/debug/route.ts,78,from,tracks,SELECT,diagnostic ou maintenance
E,app/api/stats/debug/route.ts,82,from,ai_tracks,SELECT,diagnostic ou maintenance
E,app/api/stats/debug/route.ts,91,from,track_events,SELECT,diagnostic ou maintenance
E,app/api/stats/debug/route.ts,98,from,track_events,SELECT,diagnostic ou maintenance
E,app/api/stats/debug/route.ts,109,from,user_follows,SELECT,diagnostic ou maintenance
E,app/api/stats/debug/route.ts,115,from,follows,SELECT,diagnostic ou maintenance
E,app/api/stats/debug/route.ts,123,from,tracks,SELECT,diagnostic ou maintenance
E,app/api/stats/debug/route.ts,127,from,track_likes,SELECT,diagnostic ou maintenance
A,app/api/stats/heatmap/route.ts,10,from,tracks,SELECT,lecture applicative normale
A,app/api/stats/heatmap/route.ts,14,from,tracks,SELECT,lecture applicative normale
A,app/api/stats/heatmap/route.ts,18,from,ai_tracks,SELECT,lecture applicative normale
A,app/api/stats/heatmap/route.ts,51,from,track_views,SELECT,lecture applicative normale
A,app/api/stats/heatmap/route.ts,59,from,track_views,SELECT,lecture applicative normale
A,app/api/stats/overview/route.ts,19,from,tracks,SELECT,lecture applicative normale
A,app/api/stats/overview/route.ts,25,from,tracks,SELECT,lecture applicative normale
A,app/api/stats/overview/route.ts,64,from,ai_tracks,SELECT,lecture applicative normale
A,app/api/stats/overview/route.ts,90,from,track_views,SELECT,lecture applicative normale
A,app/api/stats/overview/route.ts,98,from,track_views,SELECT,lecture applicative normale
A,app/api/stats/overview/route.ts,123,from,track_likes,SELECT,lecture applicative normale
A,app/api/stats/overview/route.ts,125,from,track_likes,SELECT,lecture applicative normale
A,app/api/stats/overview/route.ts,133,from,track_events,SELECT,lecture applicative normale
A,app/api/stats/overview/route.ts,139,from,track_events,SELECT,lecture applicative normale
A,app/api/stats/overview/route.ts,144,from,track_events,SELECT,lecture applicative normale
A,app/api/stats/overview/route.ts,163,from,tracks,SELECT,lecture applicative normale
A,app/api/stats/overview/route.ts,167,from,ai_tracks,SELECT,lecture applicative normale
A,app/api/stats/overview/route.ts,190,from,user_follows,SELECT,lecture applicative normale
A,app/api/stats/overview/route.ts,194,from,follows,SELECT,lecture applicative normale
A,app/api/stats/overview/route.ts,206,from,tracks,SELECT,lecture applicative normale
A,app/api/stats/overview/route.ts,209,from,ai_tracks,SELECT,lecture applicative normale
A,app/api/stats/overview/route.ts,225,from,track_likes,SELECT,lecture applicative normale
A,app/api/stats/posts/route.ts,62,from,creator_posts,SELECT,lecture applicative normale
A,app/api/stats/posts/route.ts,88,from,post_likes,SELECT,lecture applicative normale
A,app/api/stats/posts/route.ts,107,from,post_comments,SELECT,lecture applicative normale
A,app/api/stats/posts/route.ts,130,from,tracks,SELECT,lecture applicative normale
A,app/api/stats/timeseries/route.ts,41,from,tracks,SELECT,lecture applicative normale
A,app/api/stats/timeseries/route.ts,46,from,tracks,SELECT,lecture applicative normale
A,app/api/stats/timeseries/route.ts,50,from,ai_tracks,SELECT,lecture applicative normale
A,app/api/stats/timeseries/route.ts,84,from,track_views,SELECT,lecture applicative normale
A,app/api/stats/timeseries/route.ts,93,from,track_views,SELECT,lecture applicative normale
A,app/api/stats/timeseries/route.ts,135,from,track_likes,SELECT,lecture applicative normale
A,app/api/stats/timeseries/route.ts,155,from,track_events,SELECT,lecture applicative normale
A,app/api/stats/tracks/route.ts,25,from,tracks,SELECT,lecture applicative normale
A,app/api/stats/tracks/route.ts,35,from,ai_tracks,SELECT,lecture applicative normale
A,app/api/stats/tracks/route.ts,55,from,track_views,SELECT,lecture applicative normale
A,app/api/stats/tracks/route.ts,62,from,track_views,SELECT,lecture applicative normale
A,app/api/stats/tracks/route.ts,73,from,track_likes,SELECT,lecture applicative normale
A,app/api/stats/tracks/route.ts,74,from,track_events,SELECT,lecture applicative normale
A,app/api/stats/tracks/route.ts,75,from,track_events,SELECT,lecture applicative normale
A,app/api/stats/tracks/route.ts,76,from,track_events,SELECT,lecture applicative normale
A,app/api/stats/tracks/route.ts,77,from,track_events,SELECT,lecture applicative normale
A,app/api/stats/tracks/route.ts,78,from,track_events,SELECT,lecture applicative normale
A,app/api/stats/tracks/route.ts,79,from,track_events,SELECT,lecture applicative normale
A,app/api/subscriptions/my-subscription/route.ts,14,from,profiles,SELECT,lecture applicative normale
A,app/api/subscriptions/my-subscription/route.ts,25,from,profiles,SELECT,lecture applicative normale
B,app/api/subscriptions/refresh/route.ts,15,from,profiles,UPDATE,mutation applicative normale
B,app/api/subscriptions/refresh/route.ts,23,from,profiles,UPDATE,mutation applicative normale
B,app/api/subscriptions/refresh/route.ts,47,from,profiles,UPDATE,mutation applicative normale
A,app/api/subscriptions/usage/route.ts,12,from,profiles,SELECT,lecture applicative normale
A,app/api/subscriptions/usage/route.ts,16,from,tracks,SELECT,lecture applicative normale
A,app/api/subscriptions/usage/route.ts,17,from,playlists,SELECT,lecture applicative normale
B,app/api/suno/generate-music-video/route.ts,22,from,ai_tracks,UPDATE,mutation applicative normale
A,app/api/suno/generate-music-video/route.ts,30,from,ai_tracks,SELECT,lecture applicative normale
B,app/api/suno/generate-music-video/route.ts,43,from,ai_tracks,UPDATE,mutation applicative normale
A,app/api/suno/generate-music-video/route.ts,80,from,ai_tracks,SELECT,lecture applicative normale
A,app/api/suno/generate-music-video/route.ts,95,from,ai_credit_balances,SELECT,lecture applicative normale
A,app/api/suno/generate-music-video/route.ts,138,from,ai_credit_balances,SELECT,lecture applicative normale
A,app/api/suno/generate/route.ts,82,from,profiles,SELECT,lecture applicative normale
A,app/api/suno/generate/route.ts,93,from,ai_credit_balances,SELECT,lecture applicative normale
B,app/api/suno/generate/route.ts,278,from,ai_generations,INSERT,mutation applicative normale
A,app/api/suno/generate/route.ts,286,from,ai_credit_balances,SELECT,lecture applicative normale
B,app/api/suno/music-video-callback/route.ts,47,from,ai_tracks,UPDATE,mutation applicative normale
A,app/api/suno/music-video-callback/route.ts,55,from,ai_tracks,SELECT,lecture applicative normale
B,app/api/suno/music-video-callback/route.ts,69,from,ai_tracks,UPDATE,mutation applicative normale
A,app/api/suno/repair-tracks/route.ts,67,from,ai_generations,SELECT,lecture applicative normale
B,app/api/suno/repair-tracks/route.ts,162,from,ai_tracks,UPDATE,mutation applicative normale
A,app/api/suno/save-tracks/route.ts,29,from,ai_generations,SELECT,lecture applicative normale
A,app/api/suno/status/route.ts,22,from,ai_generations,SELECT,lecture applicative normale
A,app/api/suno/timestamped-lyrics/route.ts,34,from,ai_generations,SELECT,lecture applicative normale
A,app/api/suno/timestamped-lyrics/route.ts,41,from,ai_tracks,SELECT,lecture applicative normale
A,app/api/suno/upload-cover/route.ts,46,from,profiles,SELECT,lecture applicative normale
A,app/api/suno/upload-cover/route.ts,75,from,ai_credit_balances,SELECT,lecture applicative normale
B,app/api/suno/upload-cover/route.ts,163,from,ai_generations,INSERT,mutation applicative normale
A,app/api/suno/upload-cover/route.ts,170,from,ai_credit_balances,SELECT,lecture applicative normale
B,app/api/support/route.ts,28,from,support_tickets,INSERT,mutation applicative normale
A,app/api/tracks/[id]/comments/[commentId]/like/route.ts,16,from,comment_likes,SELECT,lecture applicative normale
B,app/api/tracks/[id]/comments/[commentId]/like/route.ts,25,from,comment_likes,DELETE,mutation applicative normale
B,app/api/tracks/[id]/comments/[commentId]/like/route.ts,28,from,comment_likes,INSERT,mutation applicative normale
A,app/api/tracks/[id]/comments/[commentId]/like/route.ts,32,from,comment_likes,SELECT,lecture applicative normale
A,app/api/tracks/[id]/comments/[commentId]/moderation/route.ts,23,from,tracks,SELECT,lecture applicative normale
A,app/api/tracks/[id]/comments/[commentId]/moderation/route.ts,30,from,comment_moderation,SELECT,lecture applicative normale
B,app/api/tracks/[id]/comments/[commentId]/moderation/route.ts,67,from,comment_moderation,UPSERT,mutation applicative normale
B,app/api/tracks/[id]/comments/[commentId]/replies/route.ts,25,from,comments,INSERT,mutation applicative normale
A,app/api/tracks/[id]/comments/[commentId]/replies/route.ts,33,from,profiles,SELECT,lecture applicative normale
A,app/api/tracks/[id]/comments/[commentId]/route.ts,23,from,comments,SELECT,lecture applicative normale
B,app/api/tracks/[id]/comments/[commentId]/route.ts,31,from,comments,UPDATE,mutation applicative normale
A,app/api/tracks/[id]/comments/[commentId]/route.ts,40,from,profiles,SELECT,lecture applicative normale
A,app/api/tracks/[id]/comments/[commentId]/route.ts,71,from,comments,SELECT,lecture applicative normale
B,app/api/tracks/[id]/comments/[commentId]/route.ts,81,from,comment_moderation,UPSERT,mutation applicative normale
B,app/api/tracks/[id]/comments/[commentId]/route.ts,91,from,comments,DELETE,mutation applicative normale
A,app/api/tracks/[id]/comments/moderation/route.ts,28,from,tracks,SELECT,lecture applicative normale
A,app/api/tracks/[id]/comments/moderation/route.ts,34,from,comments,SELECT,lecture applicative normale
A,app/api/tracks/[id]/comments/moderation/route.ts,48,from,comments,SELECT,lecture applicative normale
A,app/api/tracks/[id]/comments/moderation/route.ts,63,from,profiles,SELECT,lecture applicative normale
A,app/api/tracks/[id]/comments/moderation/route.ts,70,from,comment_likes,SELECT,lecture applicative normale
A,app/api/tracks/[id]/comments/moderation/route.ts,81,from,comment_moderation,SELECT,lecture applicative normale
A,app/api/tracks/[id]/comments/moderation/route.ts,93,from,creator_comment_filters,SELECT,lecture applicative normale
A,app/api/tracks/[id]/comments/route.ts,26,from,comments,SELECT,lecture applicative normale
A,app/api/tracks/[id]/comments/route.ts,39,from,profiles,SELECT,lecture applicative normale
A,app/api/tracks/[id]/comments/route.ts,62,from,comments,SELECT,lecture applicative normale
A,app/api/tracks/[id]/comments/route.ts,77,from,comments,SELECT,lecture applicative normale
A,app/api/tracks/[id]/comments/route.ts,89,from,profiles,SELECT,lecture applicative normale
A,app/api/tracks/[id]/comments/route.ts,97,from,comment_likes,SELECT,lecture applicative normale
B,app/api/tracks/[id]/comments/route.ts,197,from,comments,INSERT,mutation applicative normale
B,app/api/tracks/[id]/comments/route.ts,211,from,comments,INSERT,mutation applicative normale
A,app/api/tracks/[id]/comments/route.ts,250,from,profiles,SELECT,lecture applicative normale
A,app/api/tracks/[id]/comments/route.ts,257,from,tracks,SELECT,lecture applicative normale
B,app/api/tracks/[id]/events/route.ts,88,from,track_events,INSERT,mutation applicative normale
A,app/api/tracks/[id]/featured/route.ts,26,from,tracks,SELECT,lecture applicative normale
B,app/api/tracks/[id]/featured/route.ts,41,from,tracks,UPDATE,mutation applicative normale
A,app/api/tracks/[id]/like/route.ts,34,from,track_likes,SELECT,lecture applicative normale
A,app/api/tracks/[id]/like/route.ts,46,from,track_stats,SELECT,lecture applicative normale
A,app/api/tracks/[id]/like/route.ts,56,from,track_likes,SELECT,lecture applicative normale
B,app/api/tracks/[id]/like/route.ts,111,from,track_likes,INSERT,mutation applicative normale
B,app/api/tracks/[id]/like/route.ts,129,from,track_events,INSERT,mutation applicative normale
A,app/api/tracks/[id]/like/route.ts,148,from,track_likes,SELECT,lecture applicative normale
A,app/api/tracks/[id]/like/route.ts,155,from,track_stats,SELECT,lecture applicative normale
A,app/api/tracks/[id]/like/route.ts,168,from,track_likes,SELECT,lecture applicative normale
A,app/api/tracks/[id]/like/route.ts,182,from,tracks,SELECT,lecture applicative normale
A,app/api/tracks/[id]/like/route.ts,188,from,profiles,SELECT,lecture applicative normale
B,app/api/tracks/[id]/like/route.ts,248,from,track_likes,DELETE,mutation applicative normale
B,app/api/tracks/[id]/like/route.ts,263,from,track_events,INSERT,mutation applicative normale
A,app/api/tracks/[id]/like/route.ts,277,from,track_stats,SELECT,lecture applicative normale
A,app/api/tracks/[id]/like/route.ts,285,from,track_likes,SELECT,lecture applicative normale
A,app/api/tracks/[id]/plays/route.ts,17,from,ai_tracks,SELECT,lecture applicative normale
A,app/api/tracks/[id]/plays/route.ts,52,from,tracks,SELECT,lecture applicative normale
A,app/api/tracks/[id]/plays/route.ts,96,from,ai_tracks,SELECT,lecture applicative normale
B,app/api/tracks/[id]/plays/route.ts,119,from,ai_tracks,UPDATE,mutation applicative normale
A,app/api/tracks/[id]/plays/route.ts,145,from,tracks,SELECT,lecture applicative normale
B,app/api/tracks/[id]/plays/route.ts,167,from,tracks,UPDATE,mutation applicative normale
B,app/api/tracks/[id]/plays/route.ts,216,from,track_views,UPSERT,mutation applicative normale
A,app/api/tracks/[id]/reactions/route.ts,19,from,tracks,SELECT,lecture applicative normale
A,app/api/tracks/[id]/reactions/route.ts,40,from,track_moment_reactions,SELECT,lecture applicative normale
B,app/api/tracks/[id]/reactions/route.ts,89,from,track_moment_reactions,UPSERT,mutation applicative normale
A,app/api/tracks/[id]/route.ts,45,from,ai_tracks,SELECT,lecture applicative normale
A,app/api/tracks/[id]/route.ts,189,from,tracks,SELECT,lecture applicative normale
A,app/api/tracks/[id]/route.ts,203,from,tracks,SELECT,lecture applicative normale
B,app/api/tracks/[id]/route.ts,257,from,tracks,UPDATE,mutation applicative normale
B,app/api/tracks/[id]/route.ts,268,from,tracks,UPDATE,mutation applicative normale
A,app/api/tracks/[id]/route.ts,341,from,tracks,SELECT,lecture applicative normale
B,app/api/tracks/[id]/route.ts,368,from,tracks,DELETE,mutation applicative normale
A,app/api/tracks/[id]/waveform/route.ts,15,from,ai_tracks,SELECT,lecture applicative normale
A,app/api/tracks/[id]/waveform/route.ts,23,from,tracks,SELECT,lecture applicative normale
A,app/api/tracks/[id]/waveform/route.ts,47,from,track_waveforms,SELECT,lecture applicative normale
B,app/api/tracks/[id]/waveform/route.ts,108,from,track_waveforms,UPSERT,mutation applicative normale
A,app/api/tracks/by-ids/route.ts,31,from,tracks,SELECT,lecture applicative normale
A,app/api/tracks/comments-count/route.ts,17,from,comments,SELECT,lecture applicative normale
A,app/api/tracks/featured/route.ts,45,from,track_likes,SELECT,lecture applicative normale
A,app/api/tracks/featured/route.ts,59,from,track_likes,SELECT,lecture applicative normale
A,app/api/tracks/featured/route.ts,66,from,tracks,SELECT,lecture applicative normale
A,app/api/tracks/most-liked/route.ts,40,from,active_track_boosts,SELECT,lecture applicative normale
A,app/api/tracks/rediscover/route.ts,25,from,track_events,SELECT,lecture applicative normale
A,app/api/tracks/rediscover/route.ts,59,from,tracks,SELECT,lecture applicative normale
A,app/api/tracks/rediscover/route.ts,73,from,track_likes,SELECT,lecture applicative normale
A,app/api/tracks/rising/route.ts,20,from,track_events,SELECT,lecture applicative normale
A,app/api/tracks/rising/route.ts,58,from,tracks,SELECT,lecture applicative normale
A,app/api/tracks/rising/route.ts,72,from,track_likes,SELECT,lecture applicative normale
A,app/api/tracks/route.ts,98,from,track_likes,SELECT,lecture applicative normale
A,app/api/tracks/route.ts,125,from,tracks,SELECT,lecture applicative normale
A,app/api/tracks/route.ts,140,from,ai_tracks,SELECT,lecture applicative normale
A,app/api/tracks/route.ts,155,from,profiles,SELECT,lecture applicative normale
A,app/api/tracks/route.ts,187,from,track_events,SELECT,lecture applicative normale
A,app/api/tracks/route.ts,215,from,tracks,SELECT,lecture applicative normale
A,app/api/tracks/route.ts,230,from,ai_tracks,SELECT,lecture applicative normale
A,app/api/tracks/route.ts,245,from,profiles,SELECT,lecture applicative normale
A,app/api/tracks/route.ts,277,from,tracks,SELECT,lecture applicative normale
A,app/api/tracks/route.ts,349,from,tracks,SELECT,lecture applicative normale
A,app/api/tracks/similar/route.ts,39,from,tracks,SELECT,lecture applicative normale
A,app/api/tracks/similar/route.ts,44,from,playlist_tracks,SELECT,lecture applicative normale
A,app/api/tracks/similar/route.ts,63,from,playlists,SELECT,lecture applicative normale
A,app/api/tracks/similar/route.ts,67,from,editorial_collections,SELECT,lecture applicative normale
A,app/api/tracks/similar/route.ts,92,from,playlist_tracks,SELECT,lecture applicative normale
A,app/api/tracks/similar/route.ts,99,from,tracks,SELECT,lecture applicative normale
A,app/api/tracks/similar/route.ts,108,from,tracks,SELECT,lecture applicative normale
A,app/api/tracks/similar/route.ts,117,from,tracks,SELECT,lecture applicative normale
A,app/api/tracks/similar/route.ts,174,from,track_likes,SELECT,lecture applicative normale
A,app/api/upload/route.ts,23,from,profiles,SELECT,lecture applicative normale
A,app/api/upload/route.ts,27,from,tracks,SELECT,lecture applicative normale
B,app/api/upload/route.ts,134,from,tracks,INSERT,mutation applicative normale
A,app/api/upload/route.ts,202,from,profiles,SELECT,lecture applicative normale
A,app/api/upload/route.ts,208,from,user_follows,SELECT,lecture applicative normale
A,app/api/user/preferences/route.ts,15,from,profiles,SELECT,lecture applicative normale
A,app/api/user/preferences/route.ts,43,from,profiles,SELECT,lecture applicative normale
B,app/api/user/preferences/route.ts,51,from,profiles,UPDATE,mutation applicative normale
A,app/api/users/[username]/follow/route.ts,27,from,profiles,SELECT,lecture applicative normale
A,app/api/users/[username]/follow/route.ts,53,from,user_follows,SELECT,lecture applicative normale
B,app/api/users/[username]/follow/route.ts,64,from,user_follows,DELETE,mutation applicative normale
B,app/api/users/[username]/follow/route.ts,78,from,user_follows,INSERT,mutation applicative normale
B,app/api/users/[username]/follow/route.ts,96,rpc,update_follow_counts,MUTATION,mutation applicative normale
B,app/api/users/[username]/follow/route.ts,101,rpc,update_follow_counts,MUTATION,mutation applicative normale
A,app/api/users/[username]/follow/route.ts,118,from,profiles,SELECT,lecture applicative normale
A,app/api/users/[username]/follow/route.ts,153,from,profiles,SELECT,lecture applicative normale
A,app/api/users/[username]/follow/route.ts,171,from,user_follows,SELECT,lecture applicative normale
A,app/api/users/[username]/route.ts,27,from,profiles,SELECT,lecture applicative normale
A,app/api/users/[username]/route.ts,45,from,user_follows,SELECT,lecture applicative normale
A,app/api/users/[username]/route.ts,55,from,tracks,SELECT,lecture applicative normale
A,app/api/users/[username]/route.ts,72,from,ai_tracks,SELECT,lecture applicative normale
A,app/api/users/[username]/route.ts,95,from,track_likes,SELECT,lecture applicative normale
A,app/api/users/[username]/route.ts,143,from,playlists,SELECT,lecture applicative normale
A,app/api/users/[username]/route.ts,226,from,profiles,SELECT,lecture applicative normale
B,app/api/users/[username]/route.ts,245,from,profiles,UPDATE,mutation applicative normale
A,app/api/users/[username]/save-image/route.ts,24,from,profiles,SELECT,lecture applicative normale
B,app/api/users/[username]/save-image/route.ts,62,from,profiles,UPDATE,mutation applicative normale
A,app/api/users/[username]/variations/route.ts,24,from,profiles,SELECT,lecture applicative normale
A,app/api/users/[username]/variations/route.ts,38,from,track_remixes,SELECT,lecture applicative normale
A,app/api/users/[username]/variations/route.ts,55,from,ai_tracks,SELECT,lecture applicative normale
A,app/api/users/following/route.ts,19,from,user_follows,SELECT,lecture applicative normale
A,app/api/users/following/route.ts,31,from,profiles,SELECT,lecture applicative normale
A,app/api/users/popular/route.ts,51,from,active_artist_boosts,SELECT,lecture applicative normale
A,app/api/users/route.ts,49,from,active_artist_boosts,SELECT,lecture applicative normale
A,app/api/users/tracks/route.ts,28,from,tracks,SELECT,lecture applicative normale
A,app/clips/[id]/clipData.ts,6,from,music_clips,SELECT,lecture applicative normale
A,app/discover/page.tsx,66,from,profiles,SELECT,lecture applicative normale
A,app/discover/page.tsx,76,from,ai_tracks,SELECT,lecture applicative normale
A,app/discover/page.tsx,91,from,tracks,SELECT,lecture applicative normale
A,app/embed/[trackId]/page.tsx,14,from,ai_generated_tracks,SELECT,lecture applicative normale
A,app/embed/[trackId]/page.tsx,32,from,tracks,SELECT,lecture applicative normale
A,app/meteo/dashboard/page.tsx,14,from,meteo_team_members,SELECT,lecture applicative normale
A,app/playlists/[id]/opengraph-image.tsx,22,from,playlists,SELECT,lecture applicative normale
A,app/playlists/[id]/opengraph-image.tsx,28,from,profiles,SELECT,lecture applicative normale
A,app/playlists/[id]/opengraph-image.tsx,31,from,playlist_tracks,SELECT,lecture applicative normale
A,app/posts/[id]/opengraph-image.tsx,23,from,creator_posts,SELECT,lecture applicative normale
A,app/posts/[id]/opengraph-image.tsx,42,from,ai_tracks,SELECT,lecture applicative normale
A,app/posts/[id]/opengraph-image.tsx,48,from,profiles,SELECT,lecture applicative normale
A,app/posts/[id]/opengraph-image.tsx,53,from,tracks,SELECT,lecture applicative normale
A,app/posts/[id]/opengraph-image.tsx,58,from,profiles,SELECT,lecture applicative normale
A,app/profile/[username]/opengraph-image.tsx,22,from,profiles,SELECT,lecture applicative normale
A,app/profile/[username]/opengraph-image.tsx,40,from,tracks,SELECT,lecture applicative normale
A,app/track/[id]/opengraph-image.tsx,22,from,ai_tracks,SELECT,lecture applicative normale
A,app/track/[id]/opengraph-image.tsx,33,from,profiles,SELECT,lecture applicative normale
A,app/track/[id]/opengraph-image.tsx,38,from,tracks,SELECT,lecture applicative normale
A,app/track/[id]/opengraph-image.tsx,48,from,profiles,SELECT,lecture applicative normale
B,lib/aiGenerationService.ts,99,from,ai_generations,INSERT,mutation applicative normale
A,lib/aiGenerationService.ts,132,from,ai_generations,SELECT,lecture applicative normale
B,lib/aiGenerationService.ts,146,from,ai_generations,UPDATE,mutation applicative normale
A,lib/aiGenerationService.ts,168,from,ai_tracks,SELECT,lecture applicative normale
A,lib/aiGenerationService.ts,180,from,ai_generations,SELECT,lecture applicative normale
B,lib/aiGenerationService.ts,285,from,ai_tracks,INSERT,mutation applicative normale
B,lib/aiGenerationService.ts,295,from,ai_tracks,UPDATE,mutation applicative normale
A,lib/discoverData.ts,99,from,tracks,SELECT,lecture applicative normale
A,lib/discoverData.ts,129,from,track_likes,SELECT,lecture applicative normale
A,lib/editorialCollections.ts,172,from,editorial_collections,SELECT,lecture applicative normale
A,lib/editorialCollections.ts,186,from,editorial_collections,SELECT,lecture applicative normale
A,lib/editorialCollections.ts,201,from,editorial_collections,SELECT,lecture applicative normale
A,lib/editorialCollections.ts,221,from,playlists,SELECT,lecture applicative normale
A,lib/messaging.ts,94,from,profiles,SELECT,lecture applicative normale
A,lib/messaging.ts,104,from,user_blocks,SELECT,lecture applicative normale
A,lib/messaging.ts,114,from,user_blocks,SELECT,lecture applicative normale
A,lib/messaging.ts,128,from,friendships,SELECT,lecture applicative normale
B,lib/messaging.ts,139,from,friendships,UPSERT,mutation applicative normale
B,lib/messaging.ts,154,from,friendships,DELETE,mutation applicative normale
A,lib/messaging.ts,164,from,conversations,SELECT,lecture applicative normale
A,lib/messaging.ts,172,from,conversation_participants,SELECT,lecture applicative normale
A,lib/messaging.ts,179,from,conversation_participants,SELECT,lecture applicative normale
A,lib/messaging.ts,187,from,conversations,SELECT,lecture applicative normale
B,lib/messaging.ts,205,from,conversations,INSERT,mutation applicative normale
B,lib/messaging.ts,226,from,conversation_participants,UPSERT,mutation applicative normale
B,lib/messaging.ts,250,from,messages,UPSERT,mutation applicative normale
B,lib/messaging.ts,265,from,message_requests,UPDATE,mutation applicative normale
A,lib/messaging.ts,276,from,conversation_participants,SELECT,lecture applicative normale
A,lib/messaging.ts,286,from,conversation_participants,SELECT,lecture applicative normale
B,lib/missions/progress.ts,41,from,user_missions,UPDATE,mutation applicative normale
B,lib/missions/progress.ts,51,from,user_missions,UPDATE,mutation applicative normale
A,lib/missions/progress.ts,78,from,missions,SELECT,lecture applicative normale
A,lib/missions/progress.ts,87,from,user_missions,SELECT,lecture applicative normale
B,lib/missions/progress.ts,118,from,user_missions,INSERT,mutation applicative normale
B,lib/missions/progress.ts,128,from,user_missions,UPDATE,mutation applicative normale
A,lib/musicChallenges.ts,66,from,ai_tracks,SELECT,lecture applicative normale
A,lib/musicChallenges.ts,74,from,tracks,SELECT,lecture applicative normale
B,lib/musicChallenges.ts,80,from,music_challenges,UPDATE,mutation applicative normale
A,lib/musicChallenges.ts,101,from,challenge_entries,SELECT,lecture applicative normale
A,lib/musicChallenges.ts,139,from,music_challenges,SELECT,lecture applicative normale
A,lib/musicChallenges.ts,159,from,music_challenges,SELECT,lecture applicative normale
A,lib/musicChallenges.ts,188,from,music_clips,SELECT,lecture applicative normale
A,lib/musicChallenges.ts,214,from,track_remixes,SELECT,lecture applicative normale
A,lib/musicChallenges.ts,228,from,ai_tracks,SELECT,lecture applicative normale
A,lib/musicChallenges.ts,235,from,profiles,SELECT,lecture applicative normale
A,lib/musicChallenges.ts,248,from,tracks,SELECT,lecture applicative normale
A,lib/musicChallenges.ts,250,from,profiles,SELECT,lecture applicative normale
A,lib/musicChallenges.ts,267,from,ai_tracks,SELECT,lecture applicative normale
A,lib/musicChallenges.ts,276,from,profiles,SELECT,lecture applicative normale
A,lib/musicChallenges.ts,289,from,tracks,SELECT,lecture applicative normale
A,lib/musicChallenges.ts,311,from,music_challenges,SELECT,lecture applicative normale
A,lib/musicChallenges.ts,316,from,challenge_entries,SELECT,lecture applicative normale
A,lib/musicChallenges.ts,363,from,music_challenges,SELECT,lecture applicative normale
A,lib/musicChallenges.ts,385,from,challenge_entries,SELECT,lecture applicative normale
B,lib/musicChallenges.ts,394,from,challenge_entries,UPSERT,mutation applicative normale
A,lib/musicChallenges.ts,414,from,ai_tracks,SELECT,lecture applicative normale
A,lib/musicChallenges.ts,422,from,tracks,SELECT,lecture applicative normale
A,lib/musicClips.ts,76,from,user_follows,SELECT,lecture applicative normale
A,lib/musicClips.ts,102,from,ai_tracks,SELECT,lecture applicative normale
A,lib/musicClips.ts,111,from,profiles,SELECT,lecture applicative normale
A,lib/musicClips.ts,150,from,tracks,SELECT,lecture applicative normale
A,lib/musicClips.ts,278,from,tracks,SELECT,lecture applicative normale
A,lib/musicClips.ts,284,from,ai_tracks,SELECT,lecture applicative normale
A,lib/musicClips.ts,294,from,profiles,SELECT,lecture applicative normale
A,lib/musicClips.ts,303,from,user_follows,SELECT,lecture applicative normale
A,lib/musicClips.ts,402,from,music_clips,SELECT,lecture applicative normale
A,lib/notifications.ts,113,from,notification_preferences,SELECT,lecture applicative normale
A,lib/notifications.ts,134,from,notifications,SELECT,lecture applicative normale
B,lib/notifications.ts,178,from,notifications,INSERT,mutation applicative normale
B,lib/notifications.ts,199,from,notifications,INSERT,mutation applicative normale
A,lib/notifications.ts,262,from,push_subscriptions,SELECT,lecture applicative normale
B,lib/notifications.ts,297,from,push_subscriptions,DELETE,mutation applicative normale
A,lib/notifications.ts,306,from,push_subscriptions,SELECT,lecture applicative normale
B,lib/notifications.ts,346,from,push_subscriptions,UPDATE,mutation applicative normale
B,lib/notifications.ts,355,from,push_subscriptions,UPDATE,mutation applicative normale
B,lib/notifications.ts,369,from,push_subscriptions,DELETE,mutation applicative normale
B,lib/notifications.ts,380,from,push_subscriptions,UPDATE,mutation applicative normale
B,lib/notifications.ts,392,from,push_subscriptions,UPDATE,mutation applicative normale
A,lib/notifications.ts,408,from,profiles,SELECT,lecture applicative normale
B,lib/notifications.ts,425,from,admin_broadcasts,INSERT,mutation applicative normale
B,lib/notifications.ts,631,from,notifications,UPDATE,mutation applicative normale
A,lib/publicTracks.ts,118,from,playlist_tracks,SELECT,lecture applicative normale
A,lib/recommendation/candidates.ts,123,from,tracks,SELECT,lecture applicative normale
A,lib/recommendation/candidates.ts,132,from,tracks,SELECT,lecture applicative normale
A,lib/recommendation/candidates.ts,137,from,tracks,SELECT,lecture applicative normale
A,lib/recommendation/candidates.ts,142,from,tracks,SELECT,lecture applicative normale
A,lib/recommendation/candidates.ts,148,from,ai_tracks,SELECT,lecture applicative normale
A,lib/recommendation/candidates.ts,164,from,track_stats_rolling_30d,SELECT,lecture applicative normale
A,lib/recommendation/candidates.ts,169,from,track_events,SELECT,lecture applicative normale
A,lib/recommendation/candidates.ts,176,from,active_track_boosts,SELECT,lecture applicative normale
A,lib/recommendation/candidates.ts,197,from,tracks,SELECT,lecture applicative normale
A,lib/recommendation/candidates.ts,218,from,profiles,SELECT,lecture applicative normale
A,lib/recommendation/candidates.ts,224,from,comments,SELECT,lecture applicative normale
A,lib/recommendation/candidates.ts,227,from,playlist_tracks,SELECT,lecture applicative normale
A,lib/recommendation/candidates.ts,230,from,track_moment_reactions,SELECT,lecture applicative normale
A,lib/remixServer.ts,50,from,user_follows,SELECT,lecture applicative normale
A,lib/remixServer.ts,77,from,ai_tracks,SELECT,lecture applicative normale
A,lib/remixServer.ts,86,from,profiles,SELECT,lecture applicative normale
A,lib/remixServer.ts,124,from,tracks,SELECT,lecture applicative normale
A,lib/remixServer.ts,180,from,ai_generations,SELECT,lecture applicative normale
A,lib/remixServer.ts,202,from,ai_tracks,SELECT,lecture applicative normale
B,lib/remixServer.ts,221,from,track_remixes,UPSERT,mutation applicative normale
B,lib/remixServer.ts,232,from,track_remixes,UPSERT,mutation applicative normale
A,lib/remixServer.ts,243,from,track_remixes,SELECT,lecture applicative normale
B,lib/remixServer.ts,252,from,track_remixes,UPDATE,mutation applicative normale
B,lib/remixServer.ts,266,from,track_remixes,UPDATE,mutation applicative normale
A,lib/remixServer.ts,293,from,track_remixes,SELECT,lecture applicative normale
A,lib/remixServer.ts,297,from,track_remixes,SELECT,lecture applicative normale
A,lib/remixServer.ts,329,from,track_remixes,SELECT,lecture applicative normale
