file,category,evidence,targets,targets_in_production,sha256
scripts/add-meteo-views-table.sql,B,"tous les objets cibles existent en production, execution historique non tracee",public.meteo_views,public.meteo_views,c0d91fe32d39295b0a2dccbad1ac0d702ad24c54ab0cb4c78a69da14cd7ce220
scripts/add-scheduled-to-meteo-bulletins.sql,B,"tous les objets cibles existent en production, execution historique non tracee",public.meteo_bulletins,public.meteo_bulletins,c0f982fc742043be7ec9fdd6d92c928fbbfbe378fc0580eaa0bc388299b9b4f8
scripts/add-status-to-meteo-bulletins.sql,B,"tous les objets cibles existent en production, execution historique non tracee",public.meteo_bulletins,public.meteo_bulletins,b5509fc2d7e8ca3778be348709bb6dc67d66eda3d62f1fac5becddb60ed2b7a5
scripts/add_audio_quality_columns.sql,G,fichier vide; contenu identique a scripts/add_early_access_columns.sql,,,e3b0c44298fc1c149afbf4c8996fb92427ae41e4649b934ca495991b7852b855
scripts/add_challenge_id_to_track_remixes.sql,B,"tous les objets cibles existent en production, execution historique non tracee",public.track_remixes,public.track_remixes,35ad6408d803078c160289a73ff6dbc728c2383ac4d9d5f24050c436e0522414
scripts/add_comment_moderation_tables.sql,B,"tous les objets cibles existent en production, execution historique non tracee",public.comments | public.comment_likes | public.comment_moderation | public.creator_comment_filters,public.comments | public.comment_likes | public.comment_moderation | public.creator_comment_filters,8fa7ba4a3e1e784658c1ba8e78edff51d39b6f8c34614e7bd908eccbeeab7fd3
scripts/add_early_access_columns.sql,G,fichier vide; contenu identique a scripts/add_audio_quality_columns.sql,,,e3b0c44298fc1c149afbf4c8996fb92427ae41e4649b934ca495991b7852b855
scripts/add_featured_banner_column.sql,B,"tous les objets cibles existent en production, execution historique non tracee",public.tracks,public.tracks,324a57277cc0c54f0229fcb986386d1ea3b857346c19d32b834ce6c5257b7471
scripts/add_follow_counters.sql,B,"tous les objets cibles existent en production, execution historique non tracee",public.profiles | public.update_follow_counts | public.trigger_update_follow_counts,public.profiles | public.update_follow_counts | public.trigger_update_follow_counts,df6f66707bc440cae97633c94bdd1ace687e83b7c95e45334b4dc36290d026ba
scripts/add_lyrics_column.sql,B,"tous les objets cibles existent en production, execution historique non tracee",public.tracks,public.tracks,597e956259896593011e575e5086336177fc48fdaf207836b12dfbd97c03bbb9
scripts/add_lyrics_faqs.sql,E,"script de donnees ponctuel, pas une migration de structure fiable",,,9eb33648f3cf5f6e78ab9b53b086100ac427eef6184315b933d99afa9566a22e
scripts/add_missing_tracks_columns.sql,B,"tous les objets cibles existent en production, execution historique non tracee",public.tracks,public.tracks,30490cb1e88321e41eab08bb95ae3a80ab25520910389482d7fcd7235d8019aa
scripts/add_password_resets_table.sql,B,"tous les objets cibles existent en production, execution historique non tracee",public.password_resets,public.password_resets,e7e0f2177372915df6552467951b9021ea9bc53819d40dab72abfbbcf300f5ca
scripts/add_profile_subscription_columns.sql,B,"tous les objets cibles existent en production, execution historique non tracee",public.profiles,public.profiles,9462e256f711afedc23982f16fd376392dfdc73c7876a3a117c9d0a58b771b2f
scripts/add_profiles_role.sql,B,"tous les objets cibles existent en production, execution historique non tracee",public.profiles,public.profiles,dd0c7174147afdfb67783960fc529d59db48908f12aa0853b7d80384d3f342c0
scripts/add_public_id_fields_to_profiles.sql,B,"tous les objets cibles existent en production, execution historique non tracee",public.profiles,public.profiles,5476f8ae1bfa2dcbb19930a0732f2d80baee30ebb676e098a215636911435e8a
scripts/add_remix_permissions.sql,B,"tous les objets cibles existent en production, execution historique non tracee",public.tracks | public.ai_tracks,public.tracks | public.ai_tracks,38e2a476c03996db38c5646052b68d2c68b679c81d6d41e5301b6521e3a2e74c
scripts/add_repost_posts.sql,B,"tous les objets cibles existent en production, execution historique non tracee",public.creator_posts,public.creator_posts,173660b87dd79404f44508d43eba7ec5263eb0255184ea476a7c60707a467ab0
scripts/add_task_id_to_ai_generations.sql,B,"tous les objets cibles existent en production, execution historique non tracee",public.ai_generations,public.ai_generations,ef3f996fe19dfa924d75c2c132391d1f055ab079237ddebf043e3f7dc6e612a3
scripts/add_track_moment_reactions.sql,B,"tous les objets cibles existent en production, execution historique non tracee",public.track_moment_reactions,public.track_moment_reactions,4ff1d4a0ecb1218aebae516b8f6d97fe55fc46ced4ffb7e22ef2c4a584edf282
scripts/add_track_remix_prompt_metadata.sql,B,"tous les objets cibles existent en production, execution historique non tracee",public.track_remixes,public.track_remixes,749496d1b473b6a7face67777de6d661580884a991cc6bd17d89d5936bea9def
scripts/add_track_remixes_decision_columns.sql,B,"tous les objets cibles existent en production, execution historique non tracee",public.track_remixes,public.track_remixes,1c44a82dfbe4b8993f91cf677d5149c64dc4a830c1983d2f2188162470ad52a7
scripts/add_track_views_audience.sql,B,"tous les objets cibles existent en production, execution historique non tracee",public.track_views,public.track_views,a883f11b1be899e3fc1fb27bd5c51b51ac85477e2631343c418d5ab13e1fecb1
scripts/change_password_evannlargersie30.sql,E,"diagnostic ou operation ponctuelle, non rejouable comme migration",,,9ce24d442f6956a2e8c5b6309cc21fd91cb352ad47db5cb9c2059bf8c75c3ecd
scripts/check_real_structure.sql,E,"diagnostic ou operation ponctuelle, non rejouable comme migration",,,d8d2cc736bd7ab59c4f2ae0857900cc471895cdb8fb881e5975a252d3c982ab6
scripts/check_rls_policies.sql,E,"diagnostic ou operation ponctuelle, non rejouable comme migration",,,af560d130410fec28b65c6de4cd7004bbda3ea2e1e45d8f4d656e07538550a46
scripts/check_table_structure.sql,E,"diagnostic ou operation ponctuelle, non rejouable comme migration",,,d482941998b93b549495c6fb85af540bbdf9a42bb9666c71b676a84e12eebd16
scripts/city-events-schema.sql,F,policies/grants Supabase legacy non suivis par une migration canonique,public.city_events | public.city_event_tracks | public.city_event_votes | public.city_event_participations | public.city_event_winners | public.city_user_rewards | public.update_city_events_updated_at,public.city_events | public.city_event_tracks | public.city_event_votes | public.city_event_participations | public.city_event_winners | public.city_user_rewards,8cb627efb2cafe25a492c9da243b7bbdef6ec3938ab2cf74d33ac20b7d3a066e
scripts/create-ai-generations-table.sql,D,variante concurrente du schema ai_generations,public.ai_generations | public.update_ai_generations_updated_at | public.get_monthly_generations_count | public.check_user_quota,public.ai_generations | public.get_monthly_generations_count | public.check_user_quota,275107b2a24301b563bfd241b29637bfba3e3fa08947079f5fb5bedebb0538e3
scripts/create-meteo-tables.sql,B,"tous les objets cibles existent en production, execution historique non tracee",public.meteo_bulletins | public.update_meteo_bulletins_updated_at,public.meteo_bulletins | public.update_meteo_bulletins_updated_at,4d3ab737c09c0502e8b81654c26e933aa657b3d21a2ed1fc9d3d6c47f30356b1
scripts/create_active_members_function.sql,B,"tous les objets cibles existent en production, execution historique non tracee",public.get_active_members_count,public.get_active_members_count,df05fe9ddbb0cf8c75afbbebb7d96eadf2f9ca8adb96837425aa02098962f5ff
scripts/create_ai_credits.sql,F,policies/grants Supabase legacy non suivis par une migration canonique,public.ai_credit_balances | public.ai_add_credits | public.ai_debit_credits | public.ai_grant_welcome_credits | public.ai_grant_monthly_plan_credits,public.ai_credit_balances | public.ai_add_credits | public.ai_debit_credits | public.ai_grant_welcome_credits | public.ai_grant_monthly_plan_credits,9d4497909a49886c4e7f515d8dc730152c390f40d903077a431c0adf27718255
scripts/create_ai_generations_complete.sql,D,variante concurrente du schema ai_generations,public.ai_generations | public.ai_tracks | public.user_quotas | public.ai_playlists | public.ai_playlist_tracks | public.ai_track_likes | public.ai_usage_stats | public.get_user_quota_remaining | public.increment_ai_usage | public.get_user_ai_stats | public.update_ai_usage_stats,public.ai_generations | public.ai_tracks | public.user_quotas | public.ai_playlists | public.ai_playlist_tracks | public.ai_track_likes | public.ai_usage_stats | public.get_user_quota_remaining | public.increment_ai_usage | public.get_user_ai_stats | public.update_ai_usage_stats,4c98aa48ca2b5976d7a03030cc747775bb82c0cb8600e901aaf7b9d354f9e6c7
scripts/create_ai_generations_direct.sql,D,variante concurrente du schema ai_generations,public.ai_generations | public.ai_tracks | public.user_quotas | public.ai_playlists | public.ai_playlist_tracks | public.ai_track_likes | public.ai_usage_stats | public.get_user_quota_remaining | public.increment_ai_usage | public.get_user_ai_stats | public.update_ai_usage_stats,public.ai_generations | public.ai_tracks | public.user_quotas | public.ai_playlists | public.ai_playlist_tracks | public.ai_track_likes | public.ai_usage_stats | public.get_user_quota_remaining | public.increment_ai_usage | public.get_user_ai_stats | public.update_ai_usage_stats,0e4cdfe00b109742c179e294fbc80c1ac1c56a70205377514becbf44db6a9da1
scripts/create_ai_generations_safe.sql,D,variante concurrente du schema ai_generations,public.ai_generations | public.ai_tracks | public.get_user_quota_remaining | public.increment_ai_usage | public.user_quotas,public.ai_generations | public.ai_tracks | public.get_user_quota_remaining | public.increment_ai_usage | public.user_quotas,466219ba9ead09492f0ed6c9249a6d132d6a1c5cad89264d018b7136472dc9a9
scripts/create_ai_generations_table.sql,D,variante concurrente du schema ai_generations,public.ai_generations | public.update_updated_at_column | public.get_monthly_generations_count | public.check_user_quota,public.ai_generations | public.update_updated_at_column | public.get_monthly_generations_count | public.check_user_quota,e49fa3abc937c79cda652926736f9f7168708da51ec655550d01cf3dbbe0a0a4
scripts/create_analytics_tables.sql,B,"tous les objets cibles existent en production, execution historique non tracee",public.track_events,public.track_events,b7c685640c9ce3a6f218bb512acc036918da123b80502deaf251d2271814589b
scripts/create_boosters_tables.sql,B,"tous les objets cibles existent en production, execution historique non tracee",public.boosters | public.user_boosters | public.active_track_boosts | public.active_artist_boosts | public.user_booster_daily | public.user_booster_pity | public.user_booster_open_history | public.user_booster_pack_claims | public.missions | public.user_missions | public.user_daily_spin | public.user_daily_spin_history,public.boosters | public.user_boosters | public.active_track_boosts | public.active_artist_boosts | public.user_booster_daily | public.user_booster_pity | public.user_booster_open_history | public.user_booster_pack_claims | public.missions | public.user_missions | public.user_daily_spin | public.user_daily_spin_history,f794cf9aaf2d0794fc5f3c1336a10e78c7107186a9a9afa31f834c121fa0c76e
scripts/create_community_tables.sql,F,policies/grants Supabase legacy non suivis par une migration canonique,public.forum_posts | public.forum_replies | public.forum_post_likes | public.forum_reply_likes | public.faq_items | public.faq_votes | public.update_forum_post_likes_count | public.update_forum_post_replies_count | public.update_forum_reply_likes_count,public.forum_posts | public.forum_replies | public.forum_post_likes | public.forum_reply_likes | public.faq_items | public.faq_votes | public.update_forum_post_likes_count | public.update_forum_post_replies_count | public.update_forum_reply_likes_count,bc57c840b7ac00bb1109b616c5f5be2a7d36635e8a9705508c1221bc309b7bec
scripts/create_credit_ledger.sql,F,policies/grants Supabase legacy non suivis par une migration canonique,public.credit_ledger | public.ai_add_credits | public.ai_debit_credits | public.ai_grant_welcome_credits | public.ai_grant_monthly_plan_credits,public.credit_ledger | public.ai_add_credits | public.ai_debit_credits | public.ai_grant_welcome_credits | public.ai_grant_monthly_plan_credits,d1ceead4c89e260840ce0055c60b2ad3e2bbc75dd5a73d8d47b6f0625c27737b
scripts/create_editorial_collections_table.sql,B,"tous les objets cibles existent en production, execution historique non tracee",public.editorial_collections | public.touch_editorial_collections_updated_at,public.editorial_collections | public.touch_editorial_collections_updated_at,64c9a488f32a527154ce7998d0e5d48c6f53e617fd2838e258d79158c02ebb2d
scripts/create_music_challenges.sql,B,"tous les objets cibles existent en production, execution historique non tracee",public.music_challenges | public.challenge_entries | public.update_music_challenges_updated_at,public.music_challenges | public.challenge_entries | public.update_music_challenges_updated_at,f2897e2b23c2d9557c3dd02b5aa3cd9a4fcd4271f7de997341974d4494721a44
scripts/create_music_clips.sql,F,policies/grants Supabase legacy non suivis par une migration canonique,public.music_clips | public.touch_music_clips_updated_at,public.music_clips | public.touch_music_clips_updated_at,591c71c44c6f2777bb6273155f4ec495939e2e78b026bdbd1a80bf10e1d14437
scripts/create_referrals.sql,F,policies/grants Supabase legacy non suivis par une migration canonique,public.profiles | public.referrals | public.auto_generate_referral_code,public.profiles | public.referrals | public.auto_generate_referral_code,e80acbf454b450f63de1a5812dfda5d70ab59dfdb95d088ce5afd166c27e15e5
scripts/create_track_remixes.sql,F,policies/grants Supabase legacy non suivis par une migration canonique,public.track_remixes,public.track_remixes,5a692ca60bc487e289facc96b2d51003df79dde4f1440a16c859ed404f541a92
scripts/create_track_waveforms.sql,B,"tous les objets cibles existent en production, execution historique non tracee",public.track_waveforms | public.comments,public.track_waveforms | public.comments,af0e0c3e7033ee12c3c295fea136b3a2351f7f3645ffc7948f19766d44a86b14
scripts/create_user_sync_trigger.sql,E,"script de donnees ponctuel, pas une migration de structure fiable",public.sync_user_to_table,,b8bece932c22aeaea02a6b55c45fa37fbbacf913e9f0e449c5e3b8021536987e
scripts/create_users_table.sql,F,policies/grants Supabase legacy non suivis par une migration canonique,public.users | public.update_users_updated_at | public.sync_user_to_table,public.users,e49afd22331646d93961166e27b12e22fb1fbce4ba02b1c96c7f2dc12148c8dc
scripts/creator-posts-schema.sql,F,policies/grants Supabase legacy non suivis par une migration canonique,public.creator_posts | public.post_likes | public.post_comments,public.creator_posts | public.post_likes | public.post_comments,f37dc3746ee1b90a37e6e1b00cd9b871c823a9626d0cbbe8fb9dc82e58a40ef1
scripts/delete_test_user.sql,E,"diagnostic ou operation ponctuelle, non rejouable comme migration",,,3e49b059f4c504a28f3f7dd4038a87443f62d6f44b69f131664264de9c395c61
scripts/delete_test_user_direct.sql,E,"diagnostic ou operation ponctuelle, non rejouable comme migration",,,d4b521db2cd64eed63f769a0af7f38b7648cd041ee3c01cbbcff26c62610d418
scripts/disable_rls_temporarily.sql,E,"diagnostic ou operation ponctuelle, non rejouable comme migration",public.forum_posts | public.forum_replies | public.forum_post_likes | public.forum_reply_likes | public.faq_items | public.faq_votes,public.forum_posts | public.forum_replies | public.forum_post_likes | public.forum_reply_likes | public.faq_items | public.faq_votes,d4a16da0d3880e798d749abf3b8e5b9463fda53c4e52e9e9e485d302d6fe7825
scripts/fix-rls-policies.sql,C,correctif historique remplace par la baseline courante,public.tracks,public.tracks,42892e745425a9132a5a4ecbcb7906148ce1046bf4a56b85bdf1e1cbfb52e68a
scripts/fix_ai_generations_schema.sql,C,correctif historique remplace par la baseline courante,public.ai_generations,public.ai_generations,dad83532de4ef5a88e55b28ed9948d77edd456a3f2fee4743b6c699a52e39cbe
scripts/fix_ai_generations_structure.sql,C,correctif historique remplace par la baseline courante,public.ai_generations,public.ai_generations,815360477de00ea5dfdf3b8f4f77c4ae9e96abc8f5197786f216170897debaf6
scripts/fix_ai_tables.sql,C,correctif historique remplace par la baseline courante,public.ai_generations | public.ai_tracks | public.user_quotas | public.ai_playlists | public.ai_playlist_tracks | public.ai_usage_stats,public.ai_generations | public.ai_tracks | public.user_quotas | public.ai_playlists | public.ai_playlist_tracks | public.ai_usage_stats,b11c676a7925ed5dec41265f6e1de6bb654106badf58dae6279565399b67d647
scripts/meteo-v3-migration.sql,B,"tous les objets cibles existent en production, execution historique non tracee",public.meteo_bulletins | public.meteo_team_members | public.meteo_comments | public.meteo_reactions | public.meteo_alerts | public.meteo_settings,public.meteo_bulletins | public.meteo_team_members | public.meteo_comments | public.meteo_reactions | public.meteo_alerts | public.meteo_settings,1c97411ea399c25698a4d405939299e98db74e4f1a8cdec735c36947e4d1a90d
scripts/notifications-schema.sql,F,policies/grants Supabase legacy non suivis par une migration canonique,public.notifications | public.notification_preferences | public.admin_broadcasts | public.push_subscriptions,public.notifications | public.notification_preferences | public.admin_broadcasts | public.push_subscriptions,709d68c643193f422259ef1d6b885295aa8ade2cd72305892379983d755852ec
scripts/recommendation-impressions-schema.sql,B,"tous les objets cibles existent en production, execution historique non tracee",public.recommendation_impressions,public.recommendation_impressions,a37b2143099c8cc2a3834b454fe3d28ede265ae2db8c1b5a2dfe36cb6e4135e3
scripts/secure_music_challenges_rls.sql,F,policies/grants Supabase legacy non suivis par une migration canonique,,,74e2e5e90dc4421c4fbecbe15e1ea9231208df9013597a74ae68a2232f94fd0a
scripts/secure_music_clips_and_posts_rls.sql,F,policies/grants Supabase legacy non suivis par une migration canonique,,,45860efb75d6b628f037739aa90d3e034285688a60046189e54fff81ecc62347
scripts/setup-message-requests.sql,F,policies/grants Supabase legacy non suivis par une migration canonique,public.message_requests,public.message_requests,388568ec8305a71365e6bbe874fbae0362b18ce1d17f1feb0c4c99210d9b368e
scripts/setup-messaging-tables.sql,F,policies/grants Supabase legacy non suivis par une migration canonique,public.conversations | public.conversation_participants | public.messages | public.message_reads | public.update_conversation_last_message | public.create_direct_conversation,public.conversations | public.conversation_participants | public.messages,b2ef3af6525d56ae5346dfdfac37980353cf03c77fccd70292d80df7e9cdebe9
scripts/setup-playlists-tables.sql,F,policies/grants Supabase legacy non suivis par une migration canonique,public.playlists | public.playlist_tracks | public.update_playlist_updated_at,public.playlists | public.playlist_tracks,8320eea7d917fa7652d85c57387d0c3b6972dfdfbb7f55a05d9405b10503d850
scripts/supabase-schema.sql,F,bootstrap ou convention Supabase legacy hors historique canonique,public.profiles | public.tracks | public.playlists | public.playlist_tracks | public.comments | public.comment_reactions | public.conversations | public.conversation_participants | public.messages | public.track_likes | public.subscriptions | public.payments | public.user_follows | public.follow_requests | public.notifications | public.play_stats | public.update_updated_at_column | public.get_user_stats | public.search_tracks,public.profiles | public.tracks | public.playlists | public.playlist_tracks | public.comments | public.comment_reactions | public.conversations | public.conversation_participants | public.messages | public.track_likes | public.subscriptions | public.payments | public.user_follows | public.follow_requests | public.notifications | public.play_stats | public.update_updated_at_column | public.get_user_stats | public.search_tracks,27c353d2692357216733daa8e50bdadf91a3cf971188f066f1aee1f395fac633
supabase/likes_views.sql,F,bootstrap ou convention Supabase legacy hors historique canonique,public.track_likes | public.track_views | public.track_stats | public._ensure_track_stats | public.trg_track_likes_after_insert | public.trg_track_likes_after_delete | public.trg_track_views_after_insert,public.track_likes | public.track_views | public.track_stats | public._ensure_track_stats | public.trg_track_likes_after_insert | public.trg_track_likes_after_delete | public.trg_track_views_after_insert,9fb8d3c60fe711b1a73c91a975f3e0fccba4109e59a1017d106cea5c9aa67507
supabase/migrations/20260714200149_harden_notifications.sql,A,version 20260714200149 presente dans supabase_migrations.schema_migrations,public.push_subscriptions,public.push_subscriptions,8e35a1c6f047973ada3aeb0d6aee96e1ae4b1489eb312554d65887cd24b60756
supabase/migrations/20260714200425_dedupe_notification_push_policy.sql,A,version 20260714200425 presente dans supabase_migrations.schema_migrations,,,9cc3c25bc003892adc830376d6c756df50e9838335733e1a7c163fefbd709ba3
supabase/migrations/20260714201329_restrict_notification_push_policies.sql,A,version 20260714201329 presente dans supabase_migrations.schema_migrations,,,86bf28f1a27a70ef12a5636b0ee4997ff2a6b42d08b8f8ceee8f86cca7de54b9
supabase/migrations/20260715231651_discovery_signal_indexes.sql,A,version 20260715231651 presente dans supabase_migrations.schema_migrations,,,ab1703562adb90ec9a12cf511677835c54cda34be12e60770ca821e16df1c659
supabase/migrations/20260715234022_recommendation_clip_impressions.sql,A,version 20260715234022 presente dans supabase_migrations.schema_migrations,public.recommendation_impressions,public.recommendation_impressions,2a3fb3113c178a97c6c371f3e14c3ae98e851d0a416f6798d6e766512dfa936b
supabase/migrations/20260716102210_persist_city_votes_and_winners.sql,A,version 20260716102210 presente dans supabase_migrations.schema_migrations,public.city_events | public.city_event_tracks | public.city_event_votes | public.city_event_participations | public.city_event_winners | public.city_user_rewards | public.set_city_updated_at,public.city_events | public.city_event_tracks | public.city_event_votes | public.city_event_participations | public.city_event_winners | public.city_user_rewards | public.set_city_updated_at,e9640126fe3939a72c19ea2db31f4a2ebd5c8315ea6c3e84836cb13a07c9fef4
supabase/migrations/20260716102751_index_city_creator_ownership.sql,A,version 20260716102751 presente dans supabase_migrations.schema_migrations,,,9e245e5493fd250794c87f02fc5261cbde969a3d3e78cfdb41130db2b61736b9
supabase/migrations/20260716104653_guard_city_winners_with_real_votes.sql,A,version 20260716104653 presente dans supabase_migrations.schema_migrations,public.require_city_battle_winner_vote,public.require_city_battle_winner_vote,f798dd9b4a2ae79067de6548ac9969affe40a62d30febd71d036880f849889d4
supabase/migrations/20260719101500_complete_social_messaging.sql,A,version 20260719101500 presente dans supabase_migrations.schema_migrations,public.conversations | public.conversation_participants | public.messages | public.message_requests | public.friendships | public.user_blocks | public.message_reactions | public.synaura_touch_conversation,public.conversations | public.conversation_participants | public.messages | public.message_requests | public.friendships | public.user_blocks | public.message_reactions | public.synaura_touch_conversation,fb3673637445e5f8633de72ca78549d4c043a44113d5fe083ec5518c04ed11c4
supabase/migrations/20260719183000_messaging_experience.sql,A,version 20260719183000 presente dans supabase_migrations.schema_migrations,public.conversations | public.conversation_participants | public.conversation_rooms | public.messages,public.conversations | public.conversation_participants | public.conversation_rooms | public.messages,4b3e6a085ba6f1a7b4191496f07946674fa81006ba19e9eeb1c55593527e0b21
supabase/migrations/20260722131445_messaging_v2_foundations.sql,A,version 20260722131445 presente dans supabase_migrations.schema_migrations,public.messages | public.conversation_participants | public.message_reactions | public.message_attachments | public.message_pins | public.message_hidden_users | public.conversation_realtime_events | public.conversations | public.synaura_is_conversation_member | public.synaura_sync_message_relation | public.synaura_cleanup_realtime_events | public.conversation_rooms,public.messages | public.conversation_participants | public.message_reactions | public.message_attachments | public.message_pins | public.message_hidden_users | public.conversation_realtime_events | public.conversations | public.synaura_sync_message_relation | public.synaura_cleanup_realtime_events | public.conversation_rooms,5db5194637d750aba6fef242527e3613b6bb6565cfcbce955b75e78c7cb8e44b
supabase/migrations/20260722134844_messaging_inbox_realtime.sql,A,version 20260722134844 presente dans supabase_migrations.schema_migrations,public.message_requests | public.friendships | public.user_blocks,public.message_requests | public.friendships | public.user_blocks,43f7a867b826498f6df2204df9ac676719bd76dfc93c706a0f06f946b4397043
supabase/migrations/20260722141544_messaging_v2_security_hardening.sql,A,version 20260722141544 presente dans supabase_migrations.schema_migrations,synaura_private.is_conversation_member,synaura_private.is_conversation_member,4d670fca843787b24f4fa0c5659e795f05bd2e8fbeafafbb1fb1f5fb6ee73be6
supabase/migrations/20260722142537_optimize_messaging_realtime_rls.sql,A,version 20260722142537 presente dans supabase_migrations.schema_migrations,,,3742ecde506fc930c44c501930d54259f887ec7b070edaf2476bcade36a47474
supabase/migrations/20260722151940_complete_daily_rewards_and_editorial_collections.sql,A,version 20260722151940 presente dans supabase_migrations.schema_migrations,public.user_daily_spin | public.user_daily_spin_history | public.editorial_collections | public.touch_editorial_collections_updated_at,public.user_daily_spin | public.user_daily_spin_history | public.editorial_collections | public.touch_editorial_collections_updated_at,bba17e5eea49f290e35cd2badb52fdd50231739bb1e1cdcdb7c77480c960b6f7
supabase/push_subscriptions.sql,F,bootstrap ou convention Supabase legacy hors historique canonique,public.push_subscriptions,public.push_subscriptions,3895b350c16f465a86e2536d219b80901af04d7d7856fb9bb316840e65caaf32
supabase/star_academy.sql,F,bootstrap ou convention Supabase legacy hors historique canonique,public.star_academy_applications | public.update_sa_updated_at | public.star_academy_config,public.star_academy_applications | public.update_sa_updated_at | public.star_academy_config,07cb9520453c12b6e0207c675a9033c5d45aa2385a92f21768afdca360790b31
supabase/star_academy_staff.sql,F,bootstrap ou convention Supabase legacy hors historique canonique,public.star_academy_staff_applications | public.update_sa_staff_updated_at,public.star_academy_staff_applications | public.update_sa_staff_updated_at,401af2d0c6746bb1066b112cba09d75a48cdf36b1d98345e72fe0a01629a5895
