schema_name,relation_name,ordinal_position,column_name,data_type,is_nullable,column_default,identity_kind,generated_kind
auth,audit_log_entries,1,instance_id,uuid,t,,,
auth,audit_log_entries,2,id,uuid,f,,,
auth,audit_log_entries,3,payload,json,t,,,
auth,audit_log_entries,4,created_at,timestamp with time zone,t,,,
auth,audit_log_entries,5,ip_address,character varying(64),f,''::character varying,,
auth,custom_oauth_providers,1,id,uuid,f,gen_random_uuid(),,
auth,custom_oauth_providers,2,provider_type,text,f,,,
auth,custom_oauth_providers,3,identifier,text,f,,,
auth,custom_oauth_providers,4,name,text,f,,,
auth,custom_oauth_providers,5,client_id,text,f,,,
auth,custom_oauth_providers,6,client_secret,text,f,,,
auth,custom_oauth_providers,7,acceptable_client_ids,text[],f,'{}'::text[],,
auth,custom_oauth_providers,8,scopes,text[],f,'{}'::text[],,
auth,custom_oauth_providers,9,pkce_enabled,boolean,f,true,,
auth,custom_oauth_providers,10,attribute_mapping,jsonb,f,'{}'::jsonb,,
auth,custom_oauth_providers,11,authorization_params,jsonb,f,'{}'::jsonb,,
auth,custom_oauth_providers,12,enabled,boolean,f,true,,
auth,custom_oauth_providers,13,email_optional,boolean,f,false,,
auth,custom_oauth_providers,14,issuer,text,t,,,
auth,custom_oauth_providers,15,discovery_url,text,t,,,
auth,custom_oauth_providers,16,skip_nonce_check,boolean,f,false,,
auth,custom_oauth_providers,17,cached_discovery,jsonb,t,,,
auth,custom_oauth_providers,18,discovery_cached_at,timestamp with time zone,t,,,
auth,custom_oauth_providers,19,authorization_url,text,t,,,
auth,custom_oauth_providers,20,token_url,text,t,,,
auth,custom_oauth_providers,21,userinfo_url,text,t,,,
auth,custom_oauth_providers,22,jwks_uri,text,t,,,
auth,custom_oauth_providers,23,created_at,timestamp with time zone,f,now(),,
auth,custom_oauth_providers,24,updated_at,timestamp with time zone,f,now(),,
auth,custom_oauth_providers,25,custom_claims_allowlist,text[],f,'{}'::text[],,
auth,flow_state,1,id,uuid,f,,,
auth,flow_state,2,user_id,uuid,t,,,
auth,flow_state,3,auth_code,text,t,,,
auth,flow_state,4,code_challenge_method,auth.code_challenge_method,t,,,
auth,flow_state,5,code_challenge,text,t,,,
auth,flow_state,6,provider_type,text,f,,,
auth,flow_state,7,provider_access_token,text,t,,,
auth,flow_state,8,provider_refresh_token,text,t,,,
auth,flow_state,9,created_at,timestamp with time zone,t,,,
auth,flow_state,10,updated_at,timestamp with time zone,t,,,
auth,flow_state,11,authentication_method,text,f,,,
auth,flow_state,12,auth_code_issued_at,timestamp with time zone,t,,,
auth,flow_state,13,invite_token,text,t,,,
auth,flow_state,14,referrer,text,t,,,
auth,flow_state,15,oauth_client_state_id,uuid,t,,,
auth,flow_state,16,linking_target_id,uuid,t,,,
auth,flow_state,17,email_optional,boolean,f,false,,
auth,identities,1,provider_id,text,f,,,
auth,identities,2,user_id,uuid,f,,,
auth,identities,3,identity_data,jsonb,f,,,
auth,identities,4,provider,text,f,,,
auth,identities,5,last_sign_in_at,timestamp with time zone,t,,,
auth,identities,6,created_at,timestamp with time zone,t,,,
auth,identities,7,updated_at,timestamp with time zone,t,,,
auth,identities,8,email,text,t,lower((identity_data ->> 'email'::text)),,s
auth,identities,9,id,uuid,f,gen_random_uuid(),,
auth,instances,1,id,uuid,f,,,
auth,instances,2,uuid,uuid,t,,,
auth,instances,3,raw_base_config,text,t,,,
auth,instances,4,created_at,timestamp with time zone,t,,,
auth,instances,5,updated_at,timestamp with time zone,t,,,
auth,mfa_amr_claims,1,session_id,uuid,f,,,
auth,mfa_amr_claims,2,created_at,timestamp with time zone,f,,,
auth,mfa_amr_claims,3,updated_at,timestamp with time zone,f,,,
auth,mfa_amr_claims,4,authentication_method,text,f,,,
auth,mfa_amr_claims,5,id,uuid,f,,,
auth,mfa_challenges,1,id,uuid,f,,,
auth,mfa_challenges,2,factor_id,uuid,f,,,
auth,mfa_challenges,3,created_at,timestamp with time zone,f,,,
auth,mfa_challenges,4,verified_at,timestamp with time zone,t,,,
auth,mfa_challenges,5,ip_address,inet,f,,,
auth,mfa_challenges,6,otp_code,text,t,,,
auth,mfa_challenges,7,web_authn_session_data,jsonb,t,,,
auth,mfa_factors,1,id,uuid,f,,,
auth,mfa_factors,2,user_id,uuid,f,,,
auth,mfa_factors,3,friendly_name,text,t,,,
auth,mfa_factors,4,factor_type,auth.factor_type,f,,,
auth,mfa_factors,5,status,auth.factor_status,f,,,
auth,mfa_factors,6,created_at,timestamp with time zone,f,,,
auth,mfa_factors,7,updated_at,timestamp with time zone,f,,,
auth,mfa_factors,8,secret,text,t,,,
auth,mfa_factors,9,phone,text,t,,,
auth,mfa_factors,10,last_challenged_at,timestamp with time zone,t,,,
auth,mfa_factors,11,web_authn_credential,jsonb,t,,,
auth,mfa_factors,12,web_authn_aaguid,uuid,t,,,
auth,mfa_factors,13,last_webauthn_challenge_data,jsonb,t,,,
auth,oauth_authorizations,1,id,uuid,f,,,
auth,oauth_authorizations,2,authorization_id,text,f,,,
auth,oauth_authorizations,3,client_id,uuid,f,,,
auth,oauth_authorizations,4,user_id,uuid,t,,,
auth,oauth_authorizations,5,redirect_uri,text,f,,,
auth,oauth_authorizations,6,scope,text,f,,,
auth,oauth_authorizations,7,state,text,t,,,
auth,oauth_authorizations,8,resource,text,t,,,
auth,oauth_authorizations,9,code_challenge,text,t,,,
auth,oauth_authorizations,10,code_challenge_method,auth.code_challenge_method,t,,,
auth,oauth_authorizations,11,response_type,auth.oauth_response_type,f,'code'::auth.oauth_response_type,,
auth,oauth_authorizations,12,status,auth.oauth_authorization_status,f,'pending'::auth.oauth_authorization_status,,
auth,oauth_authorizations,13,authorization_code,text,t,,,
auth,oauth_authorizations,14,created_at,timestamp with time zone,f,now(),,
auth,oauth_authorizations,15,expires_at,timestamp with time zone,f,(now() + '00:03:00'::interval),,
auth,oauth_authorizations,16,approved_at,timestamp with time zone,t,,,
auth,oauth_authorizations,17,nonce,text,t,,,
auth,oauth_client_states,1,id,uuid,f,,,
auth,oauth_client_states,2,provider_type,text,f,,,
auth,oauth_client_states,3,code_verifier,text,t,,,
auth,oauth_client_states,4,created_at,timestamp with time zone,f,,,
auth,oauth_clients,1,id,uuid,f,,,
auth,oauth_clients,2,client_secret_hash,text,t,,,
auth,oauth_clients,3,registration_type,auth.oauth_registration_type,f,,,
auth,oauth_clients,4,redirect_uris,text,f,,,
auth,oauth_clients,5,grant_types,text,f,,,
auth,oauth_clients,6,client_name,text,t,,,
auth,oauth_clients,7,client_uri,text,t,,,
auth,oauth_clients,8,logo_uri,text,t,,,
auth,oauth_clients,9,created_at,timestamp with time zone,f,now(),,
auth,oauth_clients,10,updated_at,timestamp with time zone,f,now(),,
auth,oauth_clients,11,deleted_at,timestamp with time zone,t,,,
auth,oauth_clients,12,client_type,auth.oauth_client_type,f,'confidential'::auth.oauth_client_type,,
auth,oauth_clients,13,token_endpoint_auth_method,text,f,,,
auth,oauth_consents,1,id,uuid,f,,,
auth,oauth_consents,2,user_id,uuid,f,,,
auth,oauth_consents,3,client_id,uuid,f,,,
auth,oauth_consents,4,scopes,text,f,,,
auth,oauth_consents,5,granted_at,timestamp with time zone,f,now(),,
auth,oauth_consents,6,revoked_at,timestamp with time zone,t,,,
auth,one_time_tokens,1,id,uuid,f,,,
auth,one_time_tokens,2,user_id,uuid,f,,,
auth,one_time_tokens,3,token_type,auth.one_time_token_type,f,,,
auth,one_time_tokens,4,token_hash,text,f,,,
auth,one_time_tokens,5,relates_to,text,f,,,
auth,one_time_tokens,6,created_at,timestamp without time zone,f,now(),,
auth,one_time_tokens,7,updated_at,timestamp without time zone,f,now(),,
auth,refresh_tokens,1,instance_id,uuid,t,,,
auth,refresh_tokens,2,id,bigint,f,nextval('auth.refresh_tokens_id_seq'::regclass),,
auth,refresh_tokens,3,token,character varying(255),t,,,
auth,refresh_tokens,4,user_id,character varying(255),t,,,
auth,refresh_tokens,5,revoked,boolean,t,,,
auth,refresh_tokens,6,created_at,timestamp with time zone,t,,,
auth,refresh_tokens,7,updated_at,timestamp with time zone,t,,,
auth,refresh_tokens,8,parent,character varying(255),t,,,
auth,refresh_tokens,9,session_id,uuid,t,,,
auth,saml_providers,1,id,uuid,f,,,
auth,saml_providers,2,sso_provider_id,uuid,f,,,
auth,saml_providers,3,entity_id,text,f,,,
auth,saml_providers,4,metadata_xml,text,f,,,
auth,saml_providers,5,metadata_url,text,t,,,
auth,saml_providers,6,attribute_mapping,jsonb,t,,,
auth,saml_providers,7,created_at,timestamp with time zone,t,,,
auth,saml_providers,8,updated_at,timestamp with time zone,t,,,
auth,saml_providers,9,name_id_format,text,t,,,
auth,saml_relay_states,1,id,uuid,f,,,
auth,saml_relay_states,2,sso_provider_id,uuid,f,,,
auth,saml_relay_states,3,request_id,text,f,,,
auth,saml_relay_states,4,for_email,text,t,,,
auth,saml_relay_states,5,redirect_to,text,t,,,
auth,saml_relay_states,6,created_at,timestamp with time zone,t,,,
auth,saml_relay_states,7,updated_at,timestamp with time zone,t,,,
auth,saml_relay_states,8,flow_state_id,uuid,t,,,
auth,schema_migrations,1,version,character varying(255),f,,,
auth,sessions,1,id,uuid,f,,,
auth,sessions,2,user_id,uuid,f,,,
auth,sessions,3,created_at,timestamp with time zone,t,,,
auth,sessions,4,updated_at,timestamp with time zone,t,,,
auth,sessions,5,factor_id,uuid,t,,,
auth,sessions,6,aal,auth.aal_level,t,,,
auth,sessions,7,not_after,timestamp with time zone,t,,,
auth,sessions,8,refreshed_at,timestamp without time zone,t,,,
auth,sessions,9,user_agent,text,t,,,
auth,sessions,10,ip,inet,t,,,
auth,sessions,11,tag,text,t,,,
auth,sessions,12,oauth_client_id,uuid,t,,,
auth,sessions,13,refresh_token_hmac_key,text,t,,,
auth,sessions,14,refresh_token_counter,bigint,t,,,
auth,sessions,15,scopes,text,t,,,
auth,sso_domains,1,id,uuid,f,,,
auth,sso_domains,2,sso_provider_id,uuid,f,,,
auth,sso_domains,3,domain,text,f,,,
auth,sso_domains,4,created_at,timestamp with time zone,t,,,
auth,sso_domains,5,updated_at,timestamp with time zone,t,,,
auth,sso_providers,1,id,uuid,f,,,
auth,sso_providers,2,resource_id,text,t,,,
auth,sso_providers,3,created_at,timestamp with time zone,t,,,
auth,sso_providers,4,updated_at,timestamp with time zone,t,,,
auth,sso_providers,5,disabled,boolean,t,,,
auth,users,1,instance_id,uuid,t,,,
auth,users,2,id,uuid,f,,,
auth,users,3,aud,character varying(255),t,,,
auth,users,4,role,character varying(255),t,,,
auth,users,5,email,character varying(255),t,,,
auth,users,6,encrypted_password,character varying(255),t,,,
auth,users,7,email_confirmed_at,timestamp with time zone,t,,,
auth,users,8,invited_at,timestamp with time zone,t,,,
auth,users,9,confirmation_token,character varying(255),t,,,
auth,users,10,confirmation_sent_at,timestamp with time zone,t,,,
auth,users,11,recovery_token,character varying(255),t,,,
auth,users,12,recovery_sent_at,timestamp with time zone,t,,,
auth,users,13,email_change_token_new,character varying(255),t,,,
auth,users,14,email_change,character varying(255),t,,,
auth,users,15,email_change_sent_at,timestamp with time zone,t,,,
auth,users,16,last_sign_in_at,timestamp with time zone,t,,,
auth,users,17,raw_app_meta_data,jsonb,t,,,
auth,users,18,raw_user_meta_data,jsonb,t,,,
auth,users,19,is_super_admin,boolean,t,,,
auth,users,20,created_at,timestamp with time zone,t,,,
auth,users,21,updated_at,timestamp with time zone,t,,,
auth,users,22,phone,text,t,NULL::character varying,,
auth,users,23,phone_confirmed_at,timestamp with time zone,t,,,
auth,users,24,phone_change,text,t,''::character varying,,
auth,users,25,phone_change_token,character varying(255),t,''::character varying,,
auth,users,26,phone_change_sent_at,timestamp with time zone,t,,,
auth,users,27,confirmed_at,timestamp with time zone,t,"LEAST(email_confirmed_at, phone_confirmed_at)",,s
auth,users,28,email_change_token_current,character varying(255),t,''::character varying,,
auth,users,29,email_change_confirm_status,smallint,t,0,,
auth,users,30,banned_until,timestamp with time zone,t,,,
auth,users,31,reauthentication_token,character varying(255),t,''::character varying,,
auth,users,32,reauthentication_sent_at,timestamp with time zone,t,,,
auth,users,33,is_sso_user,boolean,f,false,,
auth,users,34,deleted_at,timestamp with time zone,t,,,
auth,users,35,is_anonymous,boolean,f,false,,
auth,webauthn_challenges,1,id,uuid,f,gen_random_uuid(),,
auth,webauthn_challenges,2,user_id,uuid,t,,,
auth,webauthn_challenges,3,challenge_type,text,f,,,
auth,webauthn_challenges,4,session_data,jsonb,f,,,
auth,webauthn_challenges,5,created_at,timestamp with time zone,f,now(),,
auth,webauthn_challenges,6,expires_at,timestamp with time zone,f,,,
auth,webauthn_credentials,1,id,uuid,f,gen_random_uuid(),,
auth,webauthn_credentials,2,user_id,uuid,f,,,
auth,webauthn_credentials,3,credential_id,bytea,f,,,
auth,webauthn_credentials,4,public_key,bytea,f,,,
auth,webauthn_credentials,5,attestation_type,text,f,''::text,,
auth,webauthn_credentials,6,aaguid,uuid,t,,,
auth,webauthn_credentials,7,sign_count,bigint,f,0,,
auth,webauthn_credentials,8,transports,jsonb,f,'[]'::jsonb,,
auth,webauthn_credentials,9,backup_eligible,boolean,f,false,,
auth,webauthn_credentials,10,backed_up,boolean,f,false,,
auth,webauthn_credentials,11,friendly_name,text,f,''::text,,
auth,webauthn_credentials,12,created_at,timestamp with time zone,f,now(),,
auth,webauthn_credentials,13,updated_at,timestamp with time zone,f,now(),,
auth,webauthn_credentials,14,last_used_at,timestamp with time zone,t,,,
extensions,pg_stat_statements,1,userid,oid,t,,,
extensions,pg_stat_statements,2,dbid,oid,t,,,
extensions,pg_stat_statements,3,toplevel,boolean,t,,,
extensions,pg_stat_statements,4,queryid,bigint,t,,,
extensions,pg_stat_statements,5,query,text,t,,,
extensions,pg_stat_statements,6,plans,bigint,t,,,
extensions,pg_stat_statements,7,total_plan_time,double precision,t,,,
extensions,pg_stat_statements,8,min_plan_time,double precision,t,,,
extensions,pg_stat_statements,9,max_plan_time,double precision,t,,,
extensions,pg_stat_statements,10,mean_plan_time,double precision,t,,,
extensions,pg_stat_statements,11,stddev_plan_time,double precision,t,,,
extensions,pg_stat_statements,12,calls,bigint,t,,,
extensions,pg_stat_statements,13,total_exec_time,double precision,t,,,
extensions,pg_stat_statements,14,min_exec_time,double precision,t,,,
extensions,pg_stat_statements,15,max_exec_time,double precision,t,,,
extensions,pg_stat_statements,16,mean_exec_time,double precision,t,,,
extensions,pg_stat_statements,17,stddev_exec_time,double precision,t,,,
extensions,pg_stat_statements,18,rows,bigint,t,,,
extensions,pg_stat_statements,19,shared_blks_hit,bigint,t,,,
extensions,pg_stat_statements,20,shared_blks_read,bigint,t,,,
extensions,pg_stat_statements,21,shared_blks_dirtied,bigint,t,,,
extensions,pg_stat_statements,22,shared_blks_written,bigint,t,,,
extensions,pg_stat_statements,23,local_blks_hit,bigint,t,,,
extensions,pg_stat_statements,24,local_blks_read,bigint,t,,,
extensions,pg_stat_statements,25,local_blks_dirtied,bigint,t,,,
extensions,pg_stat_statements,26,local_blks_written,bigint,t,,,
extensions,pg_stat_statements,27,temp_blks_read,bigint,t,,,
extensions,pg_stat_statements,28,temp_blks_written,bigint,t,,,
extensions,pg_stat_statements,29,shared_blk_read_time,double precision,t,,,
extensions,pg_stat_statements,30,shared_blk_write_time,double precision,t,,,
extensions,pg_stat_statements,31,local_blk_read_time,double precision,t,,,
extensions,pg_stat_statements,32,local_blk_write_time,double precision,t,,,
extensions,pg_stat_statements,33,temp_blk_read_time,double precision,t,,,
extensions,pg_stat_statements,34,temp_blk_write_time,double precision,t,,,
extensions,pg_stat_statements,35,wal_records,bigint,t,,,
extensions,pg_stat_statements,36,wal_fpi,bigint,t,,,
extensions,pg_stat_statements,37,wal_bytes,numeric,t,,,
extensions,pg_stat_statements,38,jit_functions,bigint,t,,,
extensions,pg_stat_statements,39,jit_generation_time,double precision,t,,,
extensions,pg_stat_statements,40,jit_inlining_count,bigint,t,,,
extensions,pg_stat_statements,41,jit_inlining_time,double precision,t,,,
extensions,pg_stat_statements,42,jit_optimization_count,bigint,t,,,
extensions,pg_stat_statements,43,jit_optimization_time,double precision,t,,,
extensions,pg_stat_statements,44,jit_emission_count,bigint,t,,,
extensions,pg_stat_statements,45,jit_emission_time,double precision,t,,,
extensions,pg_stat_statements,46,jit_deform_count,bigint,t,,,
extensions,pg_stat_statements,47,jit_deform_time,double precision,t,,,
extensions,pg_stat_statements,48,stats_since,timestamp with time zone,t,,,
extensions,pg_stat_statements,49,minmax_stats_since,timestamp with time zone,t,,,
extensions,pg_stat_statements_info,1,dealloc,bigint,t,,,
extensions,pg_stat_statements_info,2,stats_reset,timestamp with time zone,t,,,
public,account_private,1,user_id,uuid,f,,,
public,account_private,2,email,text,t,,,
public,account_private,3,first_name,text,t,,,
public,account_private,4,last_name,text,t,,,
public,account_private,5,birth_date,date,t,,,
public,account_private,6,birthday_visibility,text,f,'private'::text,,
public,account_private,7,discoverable_by_email,boolean,f,false,,
public,account_private,8,discoverable_by_phone,boolean,f,false,,
public,account_private,9,mfa_enabled,boolean,f,false,,
public,account_private,10,profile_completed_at,timestamp with time zone,t,,,
public,account_private,11,terms_version,text,t,,,
public,account_private,12,terms_accepted_at,timestamp with time zone,t,,,
public,account_private,13,privacy_version,text,t,,,
public,account_private,14,privacy_accepted_at,timestamp with time zone,t,,,
public,account_private,15,created_at,timestamp with time zone,f,now(),,
public,account_private,16,updated_at,timestamp with time zone,f,now(),,
public,active_artist_boosts,1,id,uuid,f,gen_random_uuid(),,
public,active_artist_boosts,2,artist_id,uuid,f,,,
public,active_artist_boosts,3,user_id,uuid,t,,,
public,active_artist_boosts,4,booster_id,uuid,f,,,
public,active_artist_boosts,5,multiplier,numeric,f,,,
public,active_artist_boosts,6,started_at,timestamp with time zone,f,now(),,
public,active_artist_boosts,7,expires_at,timestamp with time zone,f,,,
public,active_artist_boosts,8,source,text,f,'booster'::text,,
public,active_track_boosts,1,id,uuid,f,gen_random_uuid(),,
public,active_track_boosts,2,track_id,text,f,,,
public,active_track_boosts,3,user_id,uuid,t,,,
public,active_track_boosts,4,booster_id,uuid,f,,,
public,active_track_boosts,5,multiplier,numeric,f,,,
public,active_track_boosts,6,started_at,timestamp with time zone,f,now(),,
public,active_track_boosts,7,expires_at,timestamp with time zone,f,,,
public,active_track_boosts,8,source,text,f,'booster'::text,,
public,admin_broadcasts,1,id,uuid,f,gen_random_uuid(),,
public,admin_broadcasts,2,admin_id,uuid,f,,,
public,admin_broadcasts,3,title,text,f,,,
public,admin_broadcasts,4,message,text,f,,,
public,admin_broadcasts,5,category,text,t,'announcement'::text,,
public,admin_broadcasts,6,target,text,t,'all'::text,,
public,admin_broadcasts,7,target_data,jsonb,t,'{}'::jsonb,,
public,admin_broadcasts,8,sent_count,integer,t,0,,
public,admin_broadcasts,9,created_at,timestamp with time zone,t,now(),,
public,ai_credit_balances,1,user_id,uuid,f,,,
public,ai_credit_balances,2,balance,integer,f,0,,
public,ai_credit_balances,3,updated_at,timestamp with time zone,f,now(),,
public,ai_generations,1,id,uuid,f,gen_random_uuid(),,
public,ai_generations,2,user_id,uuid,f,,,
public,ai_generations,3,prompt,text,f,,,
public,ai_generations,4,model,character varying(50),f,'audiocraft'::character varying,,
public,ai_generations,5,style,character varying(50),t,,,
public,ai_generations,6,quality,character varying(20),t,'256kbps'::character varying,,
public,ai_generations,7,status,character varying(20),t,'pending'::character varying,,
public,ai_generations,8,metadata,jsonb,t,,,
public,ai_generations,9,created_at,timestamp with time zone,t,now(),,
public,ai_generations,10,updated_at,timestamp with time zone,t,now(),,
public,ai_generations,11,task_id,character varying(255),t,,,
public,ai_generations,12,is_favorite,boolean,t,false,,
public,ai_generations,13,is_public,boolean,t,false,,
public,ai_generations,14,play_count,integer,t,0,,
public,ai_generations,15,like_count,integer,t,0,,
public,ai_generations,16,share_count,integer,t,0,,
public,ai_generations,17,is_trashed,boolean,t,false,,
public,ai_playlist_tracks,1,id,uuid,f,gen_random_uuid(),,
public,ai_playlist_tracks,2,playlist_id,uuid,t,,,
public,ai_playlist_tracks,3,track_id,uuid,t,,,
public,ai_playlist_tracks,4,added_at,timestamp with time zone,t,now(),,
public,ai_playlist_tracks,5,position,integer,t,0,,
public,ai_playlists,1,id,uuid,f,gen_random_uuid(),,
public,ai_playlists,2,user_id,uuid,t,,,
public,ai_playlists,3,name,character varying(255),f,,,
public,ai_playlists,4,description,text,t,,,
public,ai_playlists,5,is_public,boolean,t,false,,
public,ai_playlists,6,created_at,timestamp with time zone,t,now(),,
public,ai_playlists,7,updated_at,timestamp with time zone,t,now(),,
public,ai_track_likes,1,id,uuid,f,gen_random_uuid(),,
public,ai_track_likes,2,track_id,uuid,t,,,
public,ai_track_likes,3,user_id,uuid,t,,,
public,ai_track_likes,4,created_at,timestamp with time zone,t,now(),,
public,ai_tracks,1,id,uuid,f,gen_random_uuid(),,
public,ai_tracks,2,generation_id,uuid,t,,,
public,ai_tracks,3,suno_id,character varying(255),t,,,
public,ai_tracks,4,title,character varying(255),t,,,
public,ai_tracks,5,audio_url,text,t,,,
public,ai_tracks,6,stream_audio_url,text,t,,,
public,ai_tracks,7,image_url,text,t,,,
public,ai_tracks,8,duration,integer,t,,,
public,ai_tracks,9,prompt,text,t,,,
public,ai_tracks,10,model_name,character varying(50),t,,,
public,ai_tracks,11,tags,text[],t,,,
public,ai_tracks,12,created_at,timestamp with time zone,t,now(),,
public,ai_tracks,13,is_favorite,boolean,t,false,,
public,ai_tracks,14,play_count,integer,t,0,,
public,ai_tracks,15,like_count,integer,t,0,,
public,ai_tracks,16,lyrics,text,t,,,
public,ai_tracks,17,style,text,t,,,
public,ai_tracks,18,source_links,jsonb,t,,,
public,ai_tracks,19,album_id,uuid,t,,,
public,ai_tracks,20,track_number,integer,t,,,
public,ai_tracks,21,is_public,boolean,t,,,
public,ai_tracks,22,allow_clips,boolean,f,false,,
public,ai_tracks,23,allow_audio_remix,boolean,f,false,,
public,ai_tracks,24,allow_ai_variation,boolean,f,false,,
public,ai_tracks,25,remix_approval_required,boolean,f,false,,
public,ai_tracks,26,remix_visibility,text,f,'disabled'::text,,
public,ai_usage_stats,1,id,uuid,f,gen_random_uuid(),,
public,ai_usage_stats,2,user_id,uuid,t,,,
public,ai_usage_stats,3,date,date,t,CURRENT_DATE,,
public,ai_usage_stats,4,generations_count,integer,t,0,,
public,ai_usage_stats,5,total_duration,integer,t,0,,
public,ai_usage_stats,6,favorite_count,integer,t,0,,
public,ai_usage_stats,7,share_count,integer,t,0,,
public,ai_usage_stats,8,created_at,timestamp with time zone,t,now(),,
public,boosters,1,id,uuid,f,gen_random_uuid(),,
public,boosters,2,key,text,f,,,
public,boosters,3,name,text,f,,,
public,boosters,4,description,text,t,''::text,,
public,boosters,5,type,text,f,,,
public,boosters,6,rarity,text,f,,,
public,boosters,7,multiplier,numeric,f,,,
public,boosters,8,duration_hours,integer,f,,,
public,boosters,9,enabled,boolean,f,true,,
public,boosters,10,created_at,timestamp with time zone,f,now(),,
public,boosters,11,updated_at,timestamp with time zone,f,now(),,
public,challenge_entries,1,id,uuid,f,gen_random_uuid(),,
public,challenge_entries,2,challenge_id,text,f,,,
public,challenge_entries,3,user_id,uuid,f,,,
public,challenge_entries,4,content_type,text,f,,,
public,challenge_entries,5,content_id,text,f,,,
public,challenge_entries,6,created_at,timestamp with time zone,f,now(),,
public,city_event_participations,1,id,uuid,f,gen_random_uuid(),,
public,city_event_participations,2,event_id,text,f,,,
public,city_event_participations,3,user_id,uuid,f,,,
public,city_event_participations,4,track_id,text,f,,,
public,city_event_participations,5,status,text,f,'submitted'::text,,
public,city_event_participations,6,metadata,jsonb,f,'{}'::jsonb,,
public,city_event_participations,7,created_at,timestamp with time zone,f,now(),,
public,city_event_participations,8,updated_at,timestamp with time zone,f,now(),,
public,city_event_tracks,1,id,uuid,f,gen_random_uuid(),,
public,city_event_tracks,2,event_id,text,f,,,
public,city_event_tracks,3,track_id,text,f,,,
public,city_event_tracks,4,creator_id,uuid,t,,,
public,city_event_tracks,5,slot,integer,f,0,,
public,city_event_tracks,6,source,text,f,'algorithmic'::text,,
public,city_event_tracks,7,score,numeric,t,,,
public,city_event_tracks,8,metadata,jsonb,f,'{}'::jsonb,,
public,city_event_tracks,9,created_at,timestamp with time zone,f,now(),,
public,city_event_votes,1,id,uuid,f,gen_random_uuid(),,
public,city_event_votes,2,event_id,text,f,,,
public,city_event_votes,3,track_id,text,f,,,
public,city_event_votes,4,user_id,uuid,f,,,
public,city_event_votes,5,created_at,timestamp with time zone,f,now(),,
public,city_event_votes,6,updated_at,timestamp with time zone,f,now(),,
public,city_event_winners,1,id,uuid,f,gen_random_uuid(),,
public,city_event_winners,2,event_id,text,f,,,
public,city_event_winners,3,track_id,text,f,,,
public,city_event_winners,4,user_id,uuid,t,,,
public,city_event_winners,5,rank,integer,f,1,,
public,city_event_winners,6,reason,text,t,,,
public,city_event_winners,7,showcase_until,timestamp with time zone,t,,,
public,city_event_winners,8,metadata,jsonb,f,'{}'::jsonb,,
public,city_event_winners,9,resolved_at,timestamp with time zone,f,now(),,
public,city_events,1,id,text,f,,,
public,city_events,2,kind,text,f,,,
public,city_events,3,title,text,f,,,
public,city_events,4,subtitle,text,f,''::text,,
public,city_events,5,description,text,f,''::text,,
public,city_events,6,icon,text,f,'sparkles'::text,,
public,city_events,7,accent,text,f,'#7357C6'::text,,
public,city_events,8,week_key,text,f,,,
public,city_events,9,day_key,text,t,,,
public,city_events,10,status,text,f,'scheduled'::text,,
public,city_events,11,starts_at,timestamp with time zone,t,,,
public,city_events,12,ends_at,timestamp with time zone,t,,,
public,city_events,13,challenge_tag,text,t,,,
public,city_events,14,theme,text,t,,,
public,city_events,15,config,jsonb,f,'{}'::jsonb,,
public,city_events,16,reward,jsonb,f,'{}'::jsonb,,
public,city_events,17,created_at,timestamp with time zone,f,now(),,
public,city_events,18,updated_at,timestamp with time zone,f,now(),,
public,city_user_rewards,1,id,uuid,f,gen_random_uuid(),,
public,city_user_rewards,2,event_id,text,f,,,
public,city_user_rewards,3,user_id,uuid,f,,,
public,city_user_rewards,4,reward_key,text,f,,,
public,city_user_rewards,5,status,text,f,'available'::text,,
public,city_user_rewards,6,metadata,jsonb,f,'{}'::jsonb,,
public,city_user_rewards,7,claimed_at,timestamp with time zone,t,,,
public,city_user_rewards,8,created_at,timestamp with time zone,f,now(),,
public,comment_likes,1,id,uuid,f,gen_random_uuid(),,
public,comment_likes,2,comment_id,uuid,f,,,
public,comment_likes,3,user_id,uuid,f,,,
public,comment_likes,4,created_at,timestamp with time zone,t,now(),,
public,comment_moderation,1,comment_id,uuid,f,,,
public,comment_moderation,2,track_id,text,f,,,
public,comment_moderation,3,creator_id,uuid,f,,,
public,comment_moderation,4,is_deleted,boolean,f,false,,
public,comment_moderation,5,deleted_at,timestamp with time zone,t,,,
public,comment_moderation,6,deletion_reason,text,t,,,
public,comment_moderation,7,is_filtered,boolean,f,false,,
public,comment_moderation,8,filtered_at,timestamp with time zone,t,,,
public,comment_moderation,9,filter_reason,text,t,,,
public,comment_moderation,10,is_creator_favorite,boolean,f,false,,
public,comment_moderation,11,creator_favorite_at,timestamp with time zone,t,,,
public,comment_moderation,12,updated_at,timestamp with time zone,f,now(),,
public,comment_reactions,1,id,integer,f,nextval('comment_reactions_id_seq'::regclass),,
public,comment_reactions,2,comment_id,text,t,,,
public,comment_reactions,3,user_id,uuid,t,,,
public,comment_reactions,4,reaction_type,text,f,,,
public,comment_reactions,5,created_at,timestamp with time zone,t,now(),,
public,comments,1,id,uuid,f,gen_random_uuid(),,
public,comments,2,track_id,text,f,,,
public,comments,3,user_id,uuid,f,,,
public,comments,4,text,text,f,''::text,,
public,comments,5,likes_count,integer,t,0,,
public,comments,6,created_at,timestamp with time zone,f,now(),,
public,comments,7,updated_at,timestamp with time zone,f,now(),,
public,comments,8,content,text,f,,,
public,comments,9,parent_id,uuid,t,,,
public,comments,10,timestamp_seconds,numeric,t,,,
public,conversation_participants,1,id,integer,f,nextval('conversation_participants_id_seq'::regclass),,
public,conversation_participants,2,conversation_id,text,t,,,
public,conversation_participants,3,user_id,uuid,t,,,
public,conversation_participants,4,joined_at,timestamp with time zone,t,now(),,
public,conversation_participants,5,last_read_at,timestamp with time zone,t,,,
public,conversation_participants,6,archived_at,timestamp with time zone,t,,,
public,conversation_participants,7,muted_until,timestamp with time zone,t,,,
public,conversation_participants,8,role,text,f,'member'::text,,
public,conversation_participants,9,nickname,text,t,,,
public,conversation_participants,10,theme_key,text,f,'aura'::text,,
public,conversation_participants,11,accent_color,text,f,'#7357C6'::text,,
public,conversation_participants,12,background_key,text,f,'quiet'::text,,
public,conversation_participants,13,wallpaper_url,text,t,,,
public,conversation_participants,14,bubble_enabled,boolean,f,false,,
public,conversation_participants,15,last_delivered_at,timestamp with time zone,t,,,
public,conversation_realtime_events,1,id,uuid,f,gen_random_uuid(),,
public,conversation_realtime_events,2,conversation_id,text,f,,,
public,conversation_realtime_events,3,user_id,uuid,f,,,
public,conversation_realtime_events,4,event_type,text,f,,,
public,conversation_realtime_events,5,payload,jsonb,f,'{}'::jsonb,,
public,conversation_realtime_events,6,created_at,timestamp with time zone,f,now(),,
public,conversation_realtime_events,7,expires_at,timestamp with time zone,f,(now() + '00:00:45'::interval),,
public,conversation_rooms,1,id,uuid,f,gen_random_uuid(),,
public,conversation_rooms,2,conversation_id,text,f,,,
public,conversation_rooms,3,name,text,f,,,
public,conversation_rooms,4,room_type,text,f,'text'::text,,
public,conversation_rooms,5,position,integer,f,0,,
public,conversation_rooms,6,created_by,uuid,t,,,
public,conversation_rooms,7,created_at,timestamp with time zone,f,now(),,
public,conversation_rooms,8,updated_at,timestamp with time zone,f,now(),,
public,conversations,1,id,text,f,,,
public,conversations,2,name,text,t,,,
public,conversations,3,is_group,boolean,t,false,,
public,conversations,4,created_at,timestamp with time zone,t,now(),,
public,conversations,5,updated_at,timestamp with time zone,t,now(),,
public,conversations,6,direct_key,text,t,,,
public,conversations,7,last_message_at,timestamp with time zone,t,,,
public,conversations,8,last_message_id,text,t,,,
public,conversations,9,is_active,boolean,f,true,,
public,conversations,10,description,text,t,,,
public,conversations,11,avatar_url,text,t,,,
public,conversations,12,owner_id,uuid,t,,,
public,creator_comment_filters,1,id,bigint,f,nextval('creator_comment_filters_id_seq'::regclass),,
public,creator_comment_filters,2,creator_id,uuid,f,,,
public,creator_comment_filters,3,word,text,f,,,
public,creator_comment_filters,4,created_at,timestamp with time zone,f,now(),,
public,creator_posts,1,id,uuid,f,gen_random_uuid(),,
public,creator_posts,2,creator_id,uuid,f,,,
public,creator_posts,3,post_type,text,f,,,
public,creator_posts,4,content,text,t,,,
public,creator_posts,5,image_url,text,t,,,
public,creator_posts,6,track_id,text,t,,,
public,creator_posts,7,likes_count,integer,t,0,,
public,creator_posts,8,comments_count,integer,t,0,,
public,creator_posts,9,is_public,boolean,t,true,,
public,creator_posts,10,created_at,timestamp with time zone,t,now(),,
public,creator_posts,11,updated_at,timestamp with time zone,t,now(),,
public,creator_posts,12,original_post_id,uuid,t,,,
public,creator_posts,13,include_original_track,boolean,t,true,,
public,credit_ledger,1,id,uuid,f,gen_random_uuid(),,
public,credit_ledger,2,user_id,uuid,f,,,
public,credit_ledger,3,delta,integer,f,,,
public,credit_ledger,4,balance_after,integer,f,,,
public,credit_ledger,5,source,text,f,,,
public,credit_ledger,6,description,text,t,,,
public,credit_ledger,7,metadata,jsonb,t,'{}'::jsonb,,
public,credit_ledger,8,created_at,timestamp with time zone,t,now(),,
public,editorial_collections,1,id,uuid,f,gen_random_uuid(),,
public,editorial_collections,2,playlist_id,text,f,,,
public,editorial_collections,3,slug,text,f,,,
public,editorial_collections,4,title,text,f,,,
public,editorial_collections,5,subtitle,text,t,,,
public,editorial_collections,6,description,text,t,,,
public,editorial_collections,7,kind,text,f,'collection'::text,,
public,editorial_collections,8,banner_url,text,t,,,
public,editorial_collections,9,cover_url,text,t,,,
public,editorial_collections,10,theme_colors,jsonb,f,"'[""#7357C6"", ""#4A9EAA"", ""#D96D63""]'::jsonb",,
public,editorial_collections,11,badge,text,f,'Synaura Originals'::text,,
public,editorial_collections,12,is_featured,boolean,f,true,,
public,editorial_collections,13,is_published,boolean,f,false,,
public,editorial_collections,14,download_enabled,boolean,f,true,,
public,editorial_collections,15,comments_enabled,boolean,f,true,,
public,editorial_collections,16,position,integer,f,0,,
public,editorial_collections,17,created_by,uuid,t,,,
public,editorial_collections,18,created_at,timestamp with time zone,f,now(),,
public,editorial_collections,19,updated_at,timestamp with time zone,f,now(),,
public,faq_items,1,id,uuid,f,gen_random_uuid(),,
public,faq_items,2,question,character varying(500),f,,,
public,faq_items,3,answer,text,f,,,
public,faq_items,4,category,character varying(50),f,,,
public,faq_items,5,tags,text[],t,'{}'::text[],,
public,faq_items,6,views_count,integer,t,0,,
public,faq_items,7,helpful_count,integer,t,0,,
public,faq_items,8,not_helpful_count,integer,t,0,,
public,faq_items,9,is_published,boolean,t,true,,
public,faq_items,10,order_index,integer,t,0,,
public,faq_items,11,created_at,timestamp with time zone,t,now(),,
public,faq_items,12,updated_at,timestamp with time zone,t,now(),,
public,faq_votes,1,id,uuid,f,gen_random_uuid(),,
public,faq_votes,2,faq_id,uuid,f,,,
public,faq_votes,3,user_id,uuid,f,,,
public,faq_votes,4,is_helpful,boolean,f,,,
public,faq_votes,5,created_at,timestamp with time zone,t,now(),,
public,follow_requests,1,id,integer,f,nextval('follow_requests_id_seq'::regclass),,
public,follow_requests,2,requester_id,uuid,t,,,
public,follow_requests,3,target_id,uuid,t,,,
public,follow_requests,4,status,text,t,'pending'::text,,
public,follow_requests,5,created_at,timestamp with time zone,t,now(),,
public,follow_requests,6,updated_at,timestamp with time zone,t,now(),,
public,forum_post_likes,1,id,uuid,f,gen_random_uuid(),,
public,forum_post_likes,2,post_id,uuid,f,,,
public,forum_post_likes,3,user_id,uuid,f,,,
public,forum_post_likes,4,created_at,timestamp with time zone,t,now(),,
public,forum_posts,1,id,uuid,f,gen_random_uuid(),,
public,forum_posts,2,user_id,uuid,f,,,
public,forum_posts,3,title,character varying(255),f,,,
public,forum_posts,4,content,text,f,,,
public,forum_posts,5,category,character varying(50),f,,,
public,forum_posts,6,tags,text[],t,'{}'::text[],,
public,forum_posts,7,likes_count,integer,t,0,,
public,forum_posts,8,replies_count,integer,t,0,,
public,forum_posts,9,views_count,integer,t,0,,
public,forum_posts,10,is_pinned,boolean,t,false,,
public,forum_posts,11,is_locked,boolean,t,false,,
public,forum_posts,12,created_at,timestamp with time zone,t,now(),,
public,forum_posts,13,updated_at,timestamp with time zone,t,now(),,
public,forum_replies,1,id,uuid,f,gen_random_uuid(),,
public,forum_replies,2,post_id,uuid,f,,,
public,forum_replies,3,user_id,uuid,f,,,
public,forum_replies,4,content,text,f,,,
public,forum_replies,5,likes_count,integer,t,0,,
public,forum_replies,6,is_solution,boolean,t,false,,
public,forum_replies,7,created_at,timestamp with time zone,t,now(),,
public,forum_replies,8,updated_at,timestamp with time zone,t,now(),,
public,forum_reply_likes,1,id,uuid,f,gen_random_uuid(),,
public,forum_reply_likes,2,reply_id,uuid,f,,,
public,forum_reply_likes,3,user_id,uuid,f,,,
public,forum_reply_likes,4,created_at,timestamp with time zone,t,now(),,
public,friendships,1,id,uuid,f,gen_random_uuid(),,
public,friendships,2,user_id,uuid,f,,,
public,friendships,3,friend_id,uuid,f,,,
public,friendships,4,source_request_id,uuid,t,,,
public,friendships,5,created_at,timestamp with time zone,f,now(),,
public,message_attachments,1,id,uuid,f,gen_random_uuid(),,
public,message_attachments,2,message_id,text,f,,,
public,message_attachments,3,conversation_id,text,f,,,
public,message_attachments,4,attachment_type,text,f,,,
public,message_attachments,5,url,text,f,,,
public,message_attachments,6,preview_url,text,t,,,
public,message_attachments,7,mime_type,text,t,,,
public,message_attachments,8,file_name,text,t,,,
public,message_attachments,9,size_bytes,bigint,t,,,
public,message_attachments,10,width,integer,t,,,
public,message_attachments,11,height,integer,t,,,
public,message_attachments,12,duration_ms,integer,t,,,
public,message_attachments,13,waveform,jsonb,f,'[]'::jsonb,,
public,message_attachments,14,position,integer,f,0,,
public,message_attachments,15,metadata,jsonb,f,'{}'::jsonb,,
public,message_attachments,16,created_at,timestamp with time zone,f,now(),,
public,message_hidden_users,1,message_id,text,f,,,
public,message_hidden_users,2,user_id,uuid,f,,,
public,message_hidden_users,3,hidden_at,timestamp with time zone,f,now(),,
public,message_pins,1,conversation_id,text,f,,,
public,message_pins,2,message_id,text,f,,,
public,message_pins,3,pinned_by,uuid,f,,,
public,message_pins,4,created_at,timestamp with time zone,f,now(),,
public,message_reactions,1,id,uuid,f,gen_random_uuid(),,
public,message_reactions,2,message_id,text,f,,,
public,message_reactions,3,user_id,uuid,f,,,
public,message_reactions,4,reaction,text,f,,,
public,message_reactions,5,created_at,timestamp with time zone,f,now(),,
public,message_reactions,6,conversation_id,text,f,,,
public,message_requests,1,id,uuid,f,gen_random_uuid(),,
public,message_requests,2,requester_id,uuid,f,,,
public,message_requests,3,target_id,uuid,f,,,
public,message_requests,4,message,text,t,,,
public,message_requests,5,status,character varying(20),t,'pending'::character varying,,
public,message_requests,6,created_at,timestamp with time zone,t,now(),,
public,message_requests,7,updated_at,timestamp with time zone,t,now(),,
public,message_requests,8,resolved_at,timestamp with time zone,t,,,
public,messages,1,id,text,f,,,
public,messages,2,content,text,f,,,
public,messages,3,sender_id,uuid,t,,,
public,messages,4,conversation_id,text,t,,,
public,messages,5,is_read,boolean,t,false,,
public,messages,6,created_at,timestamp with time zone,t,now(),,
public,messages,7,updated_at,timestamp with time zone,t,now(),,
public,messages,8,message_type,text,f,'text'::text,,
public,messages,9,media_url,text,t,,,
public,messages,10,shared_entity_type,text,t,,,
public,messages,11,shared_entity_id,text,t,,,
public,messages,12,metadata,jsonb,f,'{}'::jsonb,,
public,messages,13,reply_to_id,text,t,,,
public,messages,14,deleted_at,timestamp with time zone,t,,,
public,messages,15,room_id,uuid,t,,,
public,messages,16,client_id,text,t,,,
public,messages,17,edited_at,timestamp with time zone,t,,,
public,meteo_alerts,1,id,uuid,f,gen_random_uuid(),,
public,meteo_alerts,2,title,text,f,,,
public,meteo_alerts,3,content,text,t,,,
public,meteo_alerts,4,severity,text,f,'info'::text,,
public,meteo_alerts,5,regions,text[],t,'{}'::text[],,
public,meteo_alerts,6,sent_by,uuid,t,,,
public,meteo_alerts,7,sent_at,timestamp with time zone,t,now(),,
public,meteo_alerts,8,expires_at,timestamp with time zone,t,,,
public,meteo_alerts,9,is_active,boolean,t,true,,
public,meteo_bulletins,1,id,uuid,f,gen_random_uuid(),,
public,meteo_bulletins,2,title,text,t,,,
public,meteo_bulletins,3,content,text,t,,,
public,meteo_bulletins,4,image_url,text,f,,,
public,meteo_bulletins,5,image_public_id,text,f,,,
public,meteo_bulletins,6,author_id,uuid,f,,,
public,meteo_bulletins,7,is_current,boolean,t,false,,
public,meteo_bulletins,8,created_at,timestamp with time zone,t,now(),,
public,meteo_bulletins,9,updated_at,timestamp with time zone,t,now(),,
public,meteo_bulletins,10,status,text,t,'published'::text,,
public,meteo_bulletins,11,scheduled_at,timestamp with time zone,t,,,
public,meteo_bulletins,12,author_name,text,t,,,
public,meteo_bulletins,13,category,text,t,'prevision'::text,,
public,meteo_bulletins,14,tags,text[],t,'{}'::text[],,
public,meteo_bulletins,15,allow_comments,boolean,t,true,,
public,meteo_bulletins,16,share_count,integer,t,0,,
public,meteo_bulletins,17,views_count,integer,t,0,,
public,meteo_bulletins,18,pinned,boolean,t,false,,
public,meteo_comments,1,id,uuid,f,gen_random_uuid(),,
public,meteo_comments,2,bulletin_id,uuid,f,,,
public,meteo_comments,3,user_id,uuid,f,,,
public,meteo_comments,4,content,text,f,,,
public,meteo_comments,5,parent_id,uuid,t,,,
public,meteo_comments,6,is_hidden,boolean,t,false,,
public,meteo_comments,7,created_at,timestamp with time zone,t,now(),,
public,meteo_comments,8,updated_at,timestamp with time zone,t,now(),,
public,meteo_reactions,1,id,uuid,f,gen_random_uuid(),,
public,meteo_reactions,2,bulletin_id,uuid,f,,,
public,meteo_reactions,3,user_id,uuid,f,,,
public,meteo_reactions,4,type,text,f,,,
public,meteo_reactions,5,created_at,timestamp with time zone,t,now(),,
public,meteo_settings,1,id,uuid,f,gen_random_uuid(),,
public,meteo_settings,2,key,text,f,,,
public,meteo_settings,3,value,text,f,'false'::text,,
public,meteo_settings,4,updated_at,timestamp with time zone,t,now(),,
public,meteo_settings,5,updated_by,uuid,t,,,
public,meteo_team_members,1,id,uuid,f,gen_random_uuid(),,
public,meteo_team_members,2,user_id,uuid,f,,,
public,meteo_team_members,3,role,text,f,'contributor'::text,,
public,meteo_team_members,4,display_name,text,t,,,
public,meteo_team_members,5,invited_by,uuid,t,,,
public,meteo_team_members,6,invited_at,timestamp with time zone,t,now(),,
public,meteo_team_members,7,accepted_at,timestamp with time zone,t,,,
public,meteo_team_members,8,status,text,f,'pending'::text,,
public,meteo_views,1,id,uuid,f,gen_random_uuid(),,
public,meteo_views,2,bulletin_id,uuid,f,,,
public,meteo_views,3,source,text,t,,,
public,meteo_views,4,created_at,timestamp with time zone,t,now(),,
public,missions,1,id,uuid,f,gen_random_uuid(),,
public,missions,2,key,text,f,,,
public,missions,3,title,text,f,,,
public,missions,4,goal_type,text,f,,,
public,missions,5,threshold,integer,f,,,
public,missions,6,reward_booster_id,uuid,t,,,
public,missions,7,cooldown_hours,integer,f,0,,
public,missions,8,enabled,boolean,f,true,,
public,missions,9,created_at,timestamp with time zone,f,now(),,
public,music_challenges,1,id,text,f,,,
public,music_challenges,2,title,text,f,,,
public,music_challenges,3,prompt,text,f,,,
public,music_challenges,4,content_type,text,f,,,
public,music_challenges,5,starts_at,timestamp with time zone,f,,,
public,music_challenges,6,ends_at,timestamp with time zone,f,,,
public,music_challenges,7,accent_color,text,t,,,
public,music_challenges,8,cover_url,text,t,,,
public,music_challenges,9,source_track_id,text,t,,,
public,music_challenges,10,source_track_type,text,t,,,
public,music_challenges,11,club_slug,text,t,,,
public,music_challenges,12,started_notified_at,timestamp with time zone,t,,,
public,music_challenges,13,created_at,timestamp with time zone,f,now(),,
public,music_challenges,14,updated_at,timestamp with time zone,f,now(),,
public,music_clips,1,id,uuid,f,gen_random_uuid(),,
public,music_clips,2,creator_id,uuid,f,,,
public,music_clips,3,video_url,text,t,,,
public,music_clips,4,video_public_id,text,t,,,
public,music_clips,5,poster_url,text,t,,,
public,music_clips,6,caption,text,t,,,
public,music_clips,7,tags,text[],f,'{}'::text[],,
public,music_clips,8,source_track_id,text,f,,,
public,music_clips,9,source_track_type,text,f,'track'::text,,
public,music_clips,10,source_track_offset_seconds,integer,f,0,,
public,music_clips,11,source_track_duration_seconds,integer,f,30,,
public,music_clips,12,visibility,text,f,'draft'::text,,
public,music_clips,13,likes_count,integer,f,0,,
public,music_clips,14,comments_count,integer,f,0,,
public,music_clips,15,created_at,timestamp with time zone,f,now(),,
public,music_clips,16,updated_at,timestamp with time zone,f,now(),,
public,notification_preferences,1,id,uuid,f,gen_random_uuid(),,
public,notification_preferences,2,user_id,uuid,f,,,
public,notification_preferences,3,push_enabled,boolean,t,true,,
public,notification_preferences,4,email_enabled,boolean,t,false,,
public,notification_preferences,5,in_app_enabled,boolean,t,true,,
public,notification_preferences,6,new_follower,boolean,t,true,,
public,notification_preferences,7,new_like,boolean,t,true,,
public,notification_preferences,8,like_milestone,boolean,t,true,,
public,notification_preferences,9,new_comment,boolean,t,true,,
public,notification_preferences,10,new_message,boolean,t,true,,
public,notification_preferences,11,new_track_followed,boolean,t,true,,
public,notification_preferences,12,view_milestone,boolean,t,true,,
public,notification_preferences,13,boost_reminder,boolean,t,true,,
public,notification_preferences,14,admin_broadcast,boolean,t,true,,
public,notification_preferences,15,weekly_recap,boolean,t,false,,
public,notification_preferences,16,created_at,timestamp with time zone,t,now(),,
public,notification_preferences,17,updated_at,timestamp with time zone,t,now(),,
public,notifications,1,id,integer,f,nextval('notifications_id_seq'::regclass),,
public,notifications,2,user_id,uuid,t,,,
public,notifications,3,type,text,f,,,
public,notifications,4,title,text,f,,,
public,notifications,5,message,text,f,,,
public,notifications,6,data,jsonb,t,'{}'::jsonb,,
public,notifications,7,is_read,boolean,t,false,,
public,notifications,8,created_at,timestamp with time zone,t,now(),,
public,notifications,9,category,text,t,'general'::text,,
public,notifications,10,icon_url,text,t,,,
public,notifications,11,action_url,text,t,,,
public,notifications,12,sender_id,uuid,t,,,
public,notifications,13,related_id,text,t,,,
public,notifications,14,expires_at,timestamp with time zone,t,,,
public,password_resets,1,id,uuid,f,gen_random_uuid(),,
public,password_resets,2,user_id,uuid,t,,,
public,password_resets,3,email,text,f,,,
public,password_resets,4,token,text,f,,,
public,password_resets,5,code,text,f,,,
public,password_resets,6,expires_at,timestamp with time zone,f,,,
public,password_resets,7,used_at,timestamp with time zone,t,,,
public,password_resets,8,ip,text,t,,,
public,password_resets,9,user_agent,text,t,,,
public,password_resets,10,created_at,timestamp with time zone,f,now(),,
public,password_resets,11,attempt_count,integer,f,0,,
public,password_resets,12,last_attempt_at,timestamp with time zone,t,,,
public,payments,1,id,text,f,,,
public,payments,2,user_id,uuid,t,,,
public,payments,3,stripe_payment_intent_id,text,t,,,
public,payments,4,amount,integer,f,,,
public,payments,5,currency,text,t,'eur'::text,,
public,payments,6,status,text,f,,,
public,payments,7,created_at,timestamp with time zone,t,now(),,
public,play_stats,1,id,integer,f,nextval('play_stats_id_seq'::regclass),,
public,play_stats,2,track_id,text,t,,,
public,play_stats,3,user_id,uuid,t,,,
public,play_stats,4,played_at,timestamp with time zone,t,now(),,
public,play_stats,5,duration_played,integer,t,0,,
public,play_stats,6,ip_address,inet,t,,,
public,play_stats,7,user_agent,text,t,,,
public,playlist_tracks,1,id,integer,f,nextval('playlist_tracks_id_seq'::regclass),,
public,playlist_tracks,2,playlist_id,text,t,,,
public,playlist_tracks,3,track_id,text,t,,,
public,playlist_tracks,4,position,integer,t,0,,
public,playlist_tracks,5,added_at,timestamp with time zone,t,now(),,
public,playlists,1,id,text,f,,,
public,playlists,2,name,text,f,,,
public,playlists,3,description,text,t,''::text,,
public,playlists,4,cover_url,text,t,,,
public,playlists,5,creator_id,uuid,t,,,
public,playlists,6,is_public,boolean,t,true,,
public,playlists,7,created_at,timestamp with time zone,t,now(),,
public,playlists,8,updated_at,timestamp with time zone,t,now(),,
public,playlists,9,is_album,boolean,t,false,,
public,post_comments,1,id,uuid,f,gen_random_uuid(),,
public,post_comments,2,post_id,uuid,f,,,
public,post_comments,3,user_id,uuid,f,,,
public,post_comments,4,content,text,f,,,
public,post_comments,5,created_at,timestamp with time zone,t,now(),,
public,post_likes,1,id,uuid,f,gen_random_uuid(),,
public,post_likes,2,post_id,uuid,f,,,
public,post_likes,3,user_id,uuid,f,,,
public,post_likes,4,created_at,timestamp with time zone,t,now(),,
public,profiles,1,id,uuid,f,,,
public,profiles,2,name,text,f,,,
public,profiles,3,email,text,t,,,
public,profiles,4,username,text,f,,,
public,profiles,5,avatar,text,t,,,
public,profiles,6,banner,text,t,,,
public,profiles,7,bio,text,t,''::text,,
public,profiles,8,location,text,t,''::text,,
public,profiles,9,website,text,t,''::text,,
public,profiles,10,social_links,jsonb,t,'{}'::jsonb,,
public,profiles,11,is_verified,boolean,t,false,,
public,profiles,12,is_artist,boolean,t,false,,
public,profiles,13,artist_name,text,t,''::text,,
public,profiles,14,genre,text[],t,'{}'::text[],,
public,profiles,15,total_plays,integer,t,0,,
public,profiles,16,total_likes,integer,t,0,,
public,profiles,17,last_seen,timestamp with time zone,t,now(),,
public,profiles,18,preferences,jsonb,t,'{}'::jsonb,,
public,profiles,19,created_at,timestamp with time zone,t,now(),,
public,profiles,20,updated_at,timestamp with time zone,t,now(),,
public,profiles,21,plan,text,t,'free'::text,,
public,profiles,22,subscription_status,text,t,,,
public,profiles,23,subscription_current_period_end,timestamp with time zone,t,,,
public,profiles,24,is_early_access,boolean,t,false,,
public,profiles,25,early_access_at,timestamp with time zone,t,,,
public,profiles,26,is_waitlisted,boolean,t,false,,
public,profiles,27,early_access,boolean,t,false,,
public,profiles,28,avatar_public_id,text,t,,,
public,profiles,29,banner_public_id,text,t,,,
public,profiles,30,follower_count,integer,t,0,,
public,profiles,31,following_count,integer,t,0,,
public,profiles,32,role,text,f,'user'::text,,
public,profiles,33,referral_code,text,t,,,
public,profiles,34,referred_by,uuid,t,,,
public,push_subscriptions,1,id,uuid,f,gen_random_uuid(),,
public,push_subscriptions,2,user_id,uuid,f,,,
public,push_subscriptions,3,endpoint,text,f,,,
public,push_subscriptions,4,p256dh,text,f,,,
public,push_subscriptions,5,auth,text,f,,,
public,push_subscriptions,6,created_at,timestamp with time zone,f,now(),,
public,push_subscriptions,7,platform,text,t,,,
public,push_subscriptions,8,device_name,text,t,,,
public,push_subscriptions,9,app_version,text,t,,,
public,push_subscriptions,10,last_seen_at,timestamp with time zone,f,now(),,
public,push_subscriptions,11,last_error,text,t,,,
public,push_subscriptions,12,updated_at,timestamp with time zone,f,now(),,
public,recommendation_impressions,1,id,uuid,f,gen_random_uuid(),,
public,recommendation_impressions,2,created_at,timestamp with time zone,f,now(),,
public,recommendation_impressions,3,user_id,uuid,t,,,
public,recommendation_impressions,4,session_id,text,t,,,
public,recommendation_impressions,5,content_type,text,f,,,
public,recommendation_impressions,6,content_id,text,f,,,
public,recommendation_impressions,7,source,text,t,,,
public,recommendation_impressions,8,rank,integer,t,,,
public,recommendation_impressions,9,score,numeric,t,,,
public,recommendation_impressions,10,reasons,text[],t,,,
public,referrals,1,id,uuid,f,gen_random_uuid(),,
public,referrals,2,referrer_id,uuid,f,,,
public,referrals,3,referred_id,uuid,f,,,
public,referrals,4,referrer_credits_granted,integer,f,50,,
public,referrals,5,referred_credits_granted,integer,f,50,,
public,referrals,6,created_at,timestamp with time zone,f,now(),,
public,star_academy_applications,1,id,uuid,f,gen_random_uuid(),,
public,star_academy_applications,2,created_at,timestamp with time zone,f,now(),,
public,star_academy_applications,3,updated_at,timestamp with time zone,f,now(),,
public,star_academy_applications,4,full_name,text,f,,,
public,star_academy_applications,5,age,integer,f,,,
public,star_academy_applications,6,email,text,f,,,
public,star_academy_applications,7,phone,text,t,,,
public,star_academy_applications,8,location,text,f,,,
public,star_academy_applications,9,tiktok_handle,text,f,,,
public,star_academy_applications,10,category,text,f,,,
public,star_academy_applications,11,level,text,t,,,
public,star_academy_applications,12,link,text,t,,,
public,star_academy_applications,13,bio,text,f,,,
public,star_academy_applications,14,availability,text,t,,,
public,star_academy_applications,15,audio_url,text,t,,,
public,star_academy_applications,16,audio_filename,text,t,,,
public,star_academy_applications,17,synaura_username,text,t,,,
public,star_academy_applications,18,user_id,uuid,t,,,
public,star_academy_applications,19,status,text,f,'pending'::text,,
public,star_academy_applications,20,admin_notes,text,t,,,
public,star_academy_applications,21,tracking_token,text,f,"encode(gen_random_bytes(16), 'hex'::text)",,
public,star_academy_applications,22,notification_sent_at,timestamp with time zone,t,,,
public,star_academy_config,1,key,text,f,,,
public,star_academy_config,2,value,text,f,,,
public,star_academy_config,3,updated_at,timestamp with time zone,f,now(),,
public,star_academy_staff_applications,1,id,uuid,f,gen_random_uuid(),,
public,star_academy_staff_applications,2,created_at,timestamp with time zone,f,now(),,
public,star_academy_staff_applications,3,updated_at,timestamp with time zone,f,now(),,
public,star_academy_staff_applications,4,full_name,text,f,,,
public,star_academy_staff_applications,5,age,integer,f,,,
public,star_academy_staff_applications,6,email,text,f,,,
public,star_academy_staff_applications,7,phone,text,t,,,
public,star_academy_staff_applications,8,location,text,f,,,
public,star_academy_staff_applications,9,role,text,f,,,
public,star_academy_staff_applications,10,experience,text,f,,,
public,star_academy_staff_applications,11,speciality,text,t,,,
public,star_academy_staff_applications,12,tiktok_handle,text,t,,,
public,star_academy_staff_applications,13,portfolio_url,text,t,,,
public,star_academy_staff_applications,14,motivation,text,f,,,
public,star_academy_staff_applications,15,availability,text,f,,,
public,star_academy_staff_applications,16,synaura_username,text,t,,,
public,star_academy_staff_applications,17,user_id,uuid,t,,,
public,star_academy_staff_applications,18,status,text,f,'pending'::text,,
public,star_academy_staff_applications,19,admin_notes,text,t,,,
public,star_academy_staff_applications,20,tracking_token,text,f,"encode(gen_random_bytes(16), 'hex'::text)",,
public,star_academy_staff_applications,21,notification_sent_at,timestamp with time zone,t,,,
public,subscriptions,1,id,text,f,,,
public,subscriptions,2,user_id,uuid,t,,,
public,subscriptions,3,stripe_subscription_id,text,t,,,
public,subscriptions,4,stripe_customer_id,text,t,,,
public,subscriptions,5,status,text,f,,,
public,subscriptions,6,plan_type,text,f,,,
public,subscriptions,7,current_period_start,timestamp with time zone,t,,,
public,subscriptions,8,current_period_end,timestamp with time zone,t,,,
public,subscriptions,9,created_at,timestamp with time zone,t,now(),,
public,subscriptions,10,updated_at,timestamp with time zone,t,now(),,
public,support_tickets,1,id,uuid,f,gen_random_uuid(),,
public,support_tickets,2,created_at,timestamp with time zone,f,now(),,
public,support_tickets,3,email,text,f,,,
public,support_tickets,4,subject,text,f,,,
public,support_tickets,5,message,text,f,,,
public,support_tickets,6,url,text,t,,,
public,support_tickets,7,status,text,f,'open'::text,,
public,support_tickets,8,user_id,uuid,t,,,
public,synaura_tv_settings,1,id,integer,f,1,,
public,synaura_tv_settings,2,provider,text,f,'manual'::text,,
public,synaura_tv_settings,3,enabled,boolean,f,false,,
public,synaura_tv_settings,4,playback_url,text,t,,,
public,synaura_tv_settings,5,rtmp_url,text,t,,,
public,synaura_tv_settings,6,stream_key,text,t,,,
public,synaura_tv_settings,7,mux_live_stream_id,text,t,,,
public,synaura_tv_settings,8,mux_playback_id,text,t,,,
public,synaura_tv_settings,9,updated_at,timestamp with time zone,f,now(),,
public,track_events,1,id,uuid,f,gen_random_uuid(),,
public,track_events,2,created_at,timestamp with time zone,f,now(),,
public,track_events,3,track_id,text,f,,,
public,track_events,4,artist_id,uuid,t,,,
public,track_events,5,user_id,uuid,t,,,
public,track_events,6,session_id,text,t,,,
public,track_events,7,event_type,track_event_type,f,,,
public,track_events,8,position_ms,integer,t,,,
public,track_events,9,duration_ms,integer,t,,,
public,track_events,10,progress_pct,"numeric(5,2)",t,,,
public,track_events,11,source,text,t,,,
public,track_events,12,referrer,text,t,,,
public,track_events,13,platform,text,t,,,
public,track_events,14,country,text,t,,,
public,track_events,15,is_ai_track,boolean,f,false,,
public,track_events,16,extra,jsonb,t,,,
public,track_likes,1,id,integer,f,nextval('track_likes_id_seq'::regclass),,
public,track_likes,2,track_id,text,t,,,
public,track_likes,3,user_id,uuid,t,,,
public,track_likes,4,created_at,timestamp with time zone,t,now(),,
public,track_moment_reactions,1,id,uuid,f,gen_random_uuid(),,
public,track_moment_reactions,2,track_id,text,f,,,
public,track_moment_reactions,3,user_id,uuid,f,,,
public,track_moment_reactions,4,reaction_type,text,f,,,
public,track_moment_reactions,5,timestamp_seconds,numeric,f,,,
public,track_moment_reactions,6,created_at,timestamp with time zone,f,now(),,
public,track_remixes,1,id,uuid,f,gen_random_uuid(),,
public,track_remixes,2,source_track_id,text,f,,,
public,track_remixes,3,source_track_type,text,f,,,
public,track_remixes,4,child_track_id,text,f,,,
public,track_remixes,5,child_track_type,text,f,,,
public,track_remixes,6,creator_id,uuid,f,,,
public,track_remixes,7,remix_type,text,f,'ai_variation'::text,,
public,track_remixes,8,status,text,f,'draft'::text,,
public,track_remixes,9,created_at,timestamp with time zone,f,now(),,
public,track_remixes,10,updated_at,timestamp with time zone,f,now(),,
public,track_remixes,11,challenge_id,text,t,,,
public,track_stats,1,track_id,text,f,,,
public,track_stats,2,likes_count,integer,f,0,,
public,track_stats,3,views_count,bigint,f,0,,
public,track_stats,4,updated_at,timestamp with time zone,f,now(),,
public,track_stats_daily,1,track_id,text,t,,,
public,track_stats_daily,2,is_ai_track,boolean,t,,,
public,track_stats_daily,3,day,date,t,,,
public,track_stats_daily,4,views,bigint,t,,,
public,track_stats_daily,5,plays,bigint,t,,,
public,track_stats_daily,6,completes,bigint,t,,,
public,track_stats_daily,7,likes,bigint,t,,,
public,track_stats_daily,8,shares,bigint,t,,,
public,track_stats_daily,9,favorites,bigint,t,,,
public,track_stats_daily,10,total_listen_ms,bigint,t,,,
public,track_stats_daily,11,unique_listeners,bigint,t,,,
public,track_stats_daily,12,retention_complete_rate,numeric,t,,,
public,track_stats_rolling_30d,1,track_id,text,t,,,
public,track_stats_rolling_30d,2,is_ai_track,boolean,t,,,
public,track_stats_rolling_30d,3,first_event_date,date,t,,,
public,track_stats_rolling_30d,4,last_event_date,date,t,,,
public,track_stats_rolling_30d,5,views_30d,bigint,t,,,
public,track_stats_rolling_30d,6,plays_30d,bigint,t,,,
public,track_stats_rolling_30d,7,completes_30d,bigint,t,,,
public,track_stats_rolling_30d,8,likes_30d,bigint,t,,,
public,track_stats_rolling_30d,9,shares_30d,bigint,t,,,
public,track_stats_rolling_30d,10,favorites_30d,bigint,t,,,
public,track_stats_rolling_30d,11,listen_ms_30d,bigint,t,,,
public,track_stats_rolling_30d,12,unique_listeners_30d,bigint,t,,,
public,track_stats_rolling_30d,13,retention_complete_rate_30d,numeric,t,,,
public,track_traffic_sources_30d,1,track_id,text,t,,,
public,track_traffic_sources_30d,2,source,text,t,,,
public,track_traffic_sources_30d,3,views,bigint,t,,,
public,track_traffic_sources_30d,4,plays,bigint,t,,,
public,track_traffic_sources_30d,5,completes,bigint,t,,,
public,track_views,1,id,uuid,f,gen_random_uuid(),,
public,track_views,2,user_id,uuid,t,,,
public,track_views,3,track_id,text,t,,,
public,track_views,4,viewed_at,timestamp with time zone,t,now(),,
public,track_views,5,viewed_date,date,t,CURRENT_DATE,,
public,track_views,6,ip_address,inet,t,,,
public,track_views,7,user_agent,text,t,,,
public,track_views,8,country,text,t,,,
public,track_views,9,device,text,t,,,
public,track_views,10,ip,inet,t,,,
public,track_views,11,created_at,timestamp with time zone,f,now(),,
public,track_waveforms,1,track_id,text,f,,,
public,track_waveforms,2,track_type,text,f,'track'::text,,
public,track_waveforms,3,duration,numeric,f,,,
public,track_waveforms,4,peaks,jsonb,f,,,
public,track_waveforms,5,created_at,timestamp with time zone,f,now(),,
public,tracks,1,id,text,f,,,
public,tracks,2,title,text,f,,,
public,tracks,3,description,text,t,''::text,,
public,tracks,4,audio_url,text,f,,,
public,tracks,5,cover_url,text,t,,,
public,tracks,6,duration,integer,t,0,,
public,tracks,7,genre,text[],t,'{}'::text[],,
public,tracks,8,creator_id,uuid,t,,,
public,tracks,9,plays,integer,t,0,,
public,tracks,10,likes,integer,t,0,,
public,tracks,11,is_public,boolean,t,true,,
public,tracks,12,created_at,timestamp with time zone,t,now(),,
public,tracks,13,updated_at,timestamp with time zone,t,now(),,
public,tracks,14,user_id,uuid,t,,,
public,tracks,15,likes_count,integer,t,0,,
public,tracks,16,views_count,integer,t,0,,
public,tracks,17,audio_public_id,text,t,,,
public,tracks,18,cover_public_id,text,t,,,
public,tracks,19,audio_size_mb,numeric,t,,,
public,tracks,20,cover_size_mb,numeric,t,,,
public,tracks,21,featured_banner,text,t,,,
public,tracks,22,is_featured,boolean,t,false,,
public,tracks,23,lyrics,text,t,,,
public,tracks,24,album_id,uuid,t,,,
public,tracks,25,track_number,integer,t,,,
public,tracks,26,album,text,t,,,
public,tracks,27,allow_clips,boolean,f,false,,
public,tracks,28,allow_audio_remix,boolean,f,false,,
public,tracks,29,allow_ai_variation,boolean,f,false,,
public,tracks,30,remix_approval_required,boolean,f,false,,
public,tracks,31,remix_visibility,text,f,'disabled'::text,,
public,user_blocks,1,id,uuid,f,gen_random_uuid(),,
public,user_blocks,2,blocker_id,uuid,f,,,
public,user_blocks,3,blocked_id,uuid,f,,,
public,user_blocks,4,created_at,timestamp with time zone,f,now(),,
public,user_booster_daily,1,user_id,uuid,f,,,
public,user_booster_daily,2,last_opened_at,timestamp with time zone,t,,,
public,user_booster_daily,3,streak,integer,f,0,,
public,user_booster_open_history,1,id,uuid,f,gen_random_uuid(),,
public,user_booster_open_history,2,user_id,uuid,f,,,
public,user_booster_open_history,3,opened_at,timestamp with time zone,f,now(),,
public,user_booster_open_history,4,source,text,f,'daily'::text,,
public,user_booster_open_history,5,booster_id,uuid,t,,,
public,user_booster_open_history,6,booster_key,text,t,,,
public,user_booster_open_history,7,rarity,text,t,,,
public,user_booster_open_history,8,type,text,t,,,
public,user_booster_open_history,9,multiplier,numeric,t,,,
public,user_booster_open_history,10,duration_hours,integer,t,,,
public,user_booster_pack_claims,1,id,uuid,f,gen_random_uuid(),,
public,user_booster_pack_claims,2,user_id,uuid,f,,,
public,user_booster_pack_claims,3,pack_key,text,f,,,
public,user_booster_pack_claims,4,period_start,date,f,,,
public,user_booster_pack_claims,5,claimed_count,integer,f,0,,
public,user_booster_pack_claims,6,updated_at,timestamp with time zone,f,now(),,
public,user_booster_pity,1,user_id,uuid,f,,,
public,user_booster_pity,2,opens_since_rare,integer,f,0,,
public,user_booster_pity,3,opens_since_epic,integer,f,0,,
public,user_booster_pity,4,opens_since_legendary,integer,f,0,,
public,user_booster_pity,5,updated_at,timestamp with time zone,f,now(),,
public,user_boosters,1,id,uuid,f,gen_random_uuid(),,
public,user_boosters,2,user_id,uuid,f,,,
public,user_boosters,3,booster_id,uuid,f,,,
public,user_boosters,4,status,text,f,'owned'::text,,
public,user_boosters,5,obtained_at,timestamp with time zone,f,now(),,
public,user_boosters,6,used_at,timestamp with time zone,t,,,
public,user_boosters,7,metadata,jsonb,t,'{}'::jsonb,,
public,user_daily_spin,1,user_id,uuid,f,,,
public,user_daily_spin,2,last_spun_at,timestamp with time zone,t,,,
public,user_daily_spin,3,streak,integer,f,0,,
public,user_daily_spin_history,1,id,uuid,f,gen_random_uuid(),,
public,user_daily_spin_history,2,user_id,uuid,f,,,
public,user_daily_spin_history,3,spun_at,timestamp with time zone,f,now(),,
public,user_daily_spin_history,4,result_key,text,f,,,
public,user_daily_spin_history,5,reward_type,text,f,,,
public,user_daily_spin_history,6,reward_payload,jsonb,f,'{}'::jsonb,,
public,user_follows,1,id,integer,f,nextval('user_follows_id_seq'::regclass),,
public,user_follows,2,follower_id,uuid,t,,,
public,user_follows,3,following_id,uuid,t,,,
public,user_follows,4,created_at,timestamp with time zone,t,now(),,
public,user_missions,1,id,uuid,f,gen_random_uuid(),,
public,user_missions,2,user_id,uuid,f,,,
public,user_missions,3,mission_id,uuid,f,,,
public,user_missions,4,progress,integer,f,0,,
public,user_missions,5,completed_at,timestamp with time zone,t,,,
public,user_missions,6,last_progress_at,timestamp with time zone,t,,,
public,user_missions,7,claimed,boolean,f,false,,
public,user_quotas,1,id,uuid,f,gen_random_uuid(),,
public,user_quotas,2,user_id,uuid,t,,,
public,user_quotas,3,plan_type,character varying(50),t,'free'::character varying,,
public,user_quotas,4,monthly_limit,integer,t,5,,
public,user_quotas,5,used_this_month,integer,t,0,,
public,user_quotas,6,reset_date,date,t,"(date_trunc('month'::text, now()) + '1 mon -1 days'::interval)",,
public,user_quotas,7,created_at,timestamp with time zone,t,now(),,
public,user_quotas,8,updated_at,timestamp with time zone,t,now(),,
public,users,1,id,uuid,f,,,
public,users,2,email,text,f,,,
public,users,3,subscription_plan,character varying(20),t,'free'::character varying,,
public,users,4,stripe_customer_id,text,t,,,
public,users,5,stripe_subscription_id,text,t,,,
public,users,6,created_at,timestamp with time zone,t,now(),,
public,users,7,updated_at,timestamp with time zone,t,now(),,
public,waiting_list,1,id,uuid,f,gen_random_uuid(),,
public,waiting_list,2,email,text,f,,,
public,waiting_list,3,created_at,timestamp with time zone,t,now(),,
public,waiting_list,4,status,text,t,'waiting'::text,,
public,waiting_list,5,invited_at,timestamp with time zone,t,,,
public,waiting_list,6,accepted_at,timestamp with time zone,t,,,
realtime,messages,1,topic,text,f,,,
realtime,messages,2,extension,text,f,,,
realtime,messages,3,payload,jsonb,t,,,
realtime,messages,4,event,text,t,,,
realtime,messages,5,private,boolean,t,false,,
realtime,messages,6,updated_at,timestamp without time zone,f,now(),,
realtime,messages,7,inserted_at,timestamp without time zone,f,now(),,
realtime,messages,8,id,uuid,f,gen_random_uuid(),,
realtime,messages,9,binary_payload,bytea,t,,,
realtime,messages_2026_07_31,1,topic,text,f,,,
realtime,messages_2026_07_31,2,extension,text,f,,,
realtime,messages_2026_07_31,3,payload,jsonb,t,,,
realtime,messages_2026_07_31,4,event,text,t,,,
realtime,messages_2026_07_31,5,private,boolean,t,false,,
realtime,messages_2026_07_31,6,updated_at,timestamp without time zone,f,now(),,
realtime,messages_2026_07_31,7,inserted_at,timestamp without time zone,f,now(),,
realtime,messages_2026_07_31,8,id,uuid,f,gen_random_uuid(),,
realtime,messages_2026_07_31,9,binary_payload,bytea,t,,,
realtime,messages_2026_08_01,1,topic,text,f,,,
realtime,messages_2026_08_01,2,extension,text,f,,,
realtime,messages_2026_08_01,3,payload,jsonb,t,,,
realtime,messages_2026_08_01,4,event,text,t,,,
realtime,messages_2026_08_01,5,private,boolean,t,false,,
realtime,messages_2026_08_01,6,updated_at,timestamp without time zone,f,now(),,
realtime,messages_2026_08_01,7,inserted_at,timestamp without time zone,f,now(),,
realtime,messages_2026_08_01,8,id,uuid,f,gen_random_uuid(),,
realtime,messages_2026_08_01,9,binary_payload,bytea,t,,,
realtime,messages_2026_08_02,1,topic,text,f,,,
realtime,messages_2026_08_02,2,extension,text,f,,,
realtime,messages_2026_08_02,3,payload,jsonb,t,,,
realtime,messages_2026_08_02,4,event,text,t,,,
realtime,messages_2026_08_02,5,private,boolean,t,false,,
realtime,messages_2026_08_02,6,updated_at,timestamp without time zone,f,now(),,
realtime,messages_2026_08_02,7,inserted_at,timestamp without time zone,f,now(),,
realtime,messages_2026_08_02,8,id,uuid,f,gen_random_uuid(),,
realtime,messages_2026_08_02,9,binary_payload,bytea,t,,,
realtime,messages_2026_08_03,1,topic,text,f,,,
realtime,messages_2026_08_03,2,extension,text,f,,,
realtime,messages_2026_08_03,3,payload,jsonb,t,,,
realtime,messages_2026_08_03,4,event,text,t,,,
realtime,messages_2026_08_03,5,private,boolean,t,false,,
realtime,messages_2026_08_03,6,updated_at,timestamp without time zone,f,now(),,
realtime,messages_2026_08_03,7,inserted_at,timestamp without time zone,f,now(),,
realtime,messages_2026_08_03,8,id,uuid,f,gen_random_uuid(),,
realtime,messages_2026_08_03,9,binary_payload,bytea,t,,,
realtime,messages_2026_08_04,1,topic,text,f,,,
realtime,messages_2026_08_04,2,extension,text,f,,,
realtime,messages_2026_08_04,3,payload,jsonb,t,,,
realtime,messages_2026_08_04,4,event,text,t,,,
realtime,messages_2026_08_04,5,private,boolean,t,false,,
realtime,messages_2026_08_04,6,updated_at,timestamp without time zone,f,now(),,
realtime,messages_2026_08_04,7,inserted_at,timestamp without time zone,f,now(),,
realtime,messages_2026_08_04,8,id,uuid,f,gen_random_uuid(),,
realtime,messages_2026_08_04,9,binary_payload,bytea,t,,,
realtime,messages_2026_08_05,1,topic,text,f,,,
realtime,messages_2026_08_05,2,extension,text,f,,,
realtime,messages_2026_08_05,3,payload,jsonb,t,,,
realtime,messages_2026_08_05,4,event,text,t,,,
realtime,messages_2026_08_05,5,private,boolean,t,false,,
realtime,messages_2026_08_05,6,updated_at,timestamp without time zone,f,now(),,
realtime,messages_2026_08_05,7,inserted_at,timestamp without time zone,f,now(),,
realtime,messages_2026_08_05,8,id,uuid,f,gen_random_uuid(),,
realtime,messages_2026_08_05,9,binary_payload,bytea,t,,,
realtime,messages_2026_08_06,1,topic,text,f,,,
realtime,messages_2026_08_06,2,extension,text,f,,,
realtime,messages_2026_08_06,3,payload,jsonb,t,,,
realtime,messages_2026_08_06,4,event,text,t,,,
realtime,messages_2026_08_06,5,private,boolean,t,false,,
realtime,messages_2026_08_06,6,updated_at,timestamp without time zone,f,now(),,
realtime,messages_2026_08_06,7,inserted_at,timestamp without time zone,f,now(),,
realtime,messages_2026_08_06,8,id,uuid,f,gen_random_uuid(),,
realtime,messages_2026_08_06,9,binary_payload,bytea,t,,,
realtime,schema_migrations,1,version,bigint,f,,,
realtime,schema_migrations,2,inserted_at,timestamp(0) without time zone,t,,,
realtime,subscription,1,id,bigint,f,,a,
realtime,subscription,2,subscription_id,uuid,f,,,
realtime,subscription,3,entity,regclass,f,,,
realtime,subscription,4,filters,realtime.user_defined_filter[],f,'{}'::realtime.user_defined_filter[],,
realtime,subscription,5,claims,jsonb,f,,,
realtime,subscription,6,claims_role,regrole,f,realtime.to_regrole((claims ->> 'role'::text)),,s
realtime,subscription,7,created_at,timestamp without time zone,f,"timezone('utc'::text, now())",,
realtime,subscription,8,action_filter,text,t,'*'::text,,
realtime,subscription,9,selected_columns,text[],t,,,
storage,buckets,1,id,text,f,,,
storage,buckets,2,name,text,f,,,
storage,buckets,3,owner,uuid,t,,,
storage,buckets,4,created_at,timestamp with time zone,t,now(),,
storage,buckets,5,updated_at,timestamp with time zone,t,now(),,
storage,buckets,6,public,boolean,t,false,,
storage,buckets,7,avif_autodetection,boolean,t,false,,
storage,buckets,8,file_size_limit,bigint,t,,,
storage,buckets,9,allowed_mime_types,text[],t,,,
storage,buckets,10,owner_id,text,t,,,
storage,buckets,11,type,storage.buckettype,f,'STANDARD'::storage.buckettype,,
storage,buckets_analytics,1,name,text,f,,,
storage,buckets_analytics,2,type,storage.buckettype,f,'ANALYTICS'::storage.buckettype,,
storage,buckets_analytics,3,format,text,f,'ICEBERG'::text,,
storage,buckets_analytics,4,created_at,timestamp with time zone,f,now(),,
storage,buckets_analytics,5,updated_at,timestamp with time zone,f,now(),,
storage,buckets_analytics,6,id,uuid,f,gen_random_uuid(),,
storage,buckets_analytics,7,deleted_at,timestamp with time zone,t,,,
storage,buckets_vectors,1,id,text,f,,,
storage,buckets_vectors,2,type,storage.buckettype,f,'VECTOR'::storage.buckettype,,
storage,buckets_vectors,3,created_at,timestamp with time zone,f,now(),,
storage,buckets_vectors,4,updated_at,timestamp with time zone,f,now(),,
storage,migrations,1,id,integer,f,,,
storage,migrations,2,name,character varying(100),f,,,
storage,migrations,3,hash,character varying(40),f,,,
storage,migrations,4,executed_at,timestamp without time zone,t,CURRENT_TIMESTAMP,,
storage,objects,1,id,uuid,f,gen_random_uuid(),,
storage,objects,2,bucket_id,text,t,,,
storage,objects,3,name,text,t,,,
storage,objects,4,owner,uuid,t,,,
storage,objects,5,created_at,timestamp with time zone,t,now(),,
storage,objects,6,updated_at,timestamp with time zone,t,now(),,
storage,objects,7,last_accessed_at,timestamp with time zone,t,now(),,
storage,objects,8,metadata,jsonb,t,,,
storage,objects,9,path_tokens,text[],t,"string_to_array(name, '/'::text)",,s
storage,objects,10,version,text,t,,,
storage,objects,11,owner_id,text,t,,,
storage,objects,12,user_metadata,jsonb,t,,,
storage,s3_multipart_uploads,1,id,text,f,,,
storage,s3_multipart_uploads,2,in_progress_size,bigint,f,0,,
storage,s3_multipart_uploads,3,upload_signature,text,f,,,
storage,s3_multipart_uploads,4,bucket_id,text,f,,,
storage,s3_multipart_uploads,5,key,text,f,,,
storage,s3_multipart_uploads,6,version,text,f,,,
storage,s3_multipart_uploads,7,owner_id,text,t,,,
storage,s3_multipart_uploads,8,created_at,timestamp with time zone,f,now(),,
storage,s3_multipart_uploads,9,user_metadata,jsonb,t,,,
storage,s3_multipart_uploads,10,metadata,jsonb,t,,,
storage,s3_multipart_uploads_parts,1,id,uuid,f,gen_random_uuid(),,
storage,s3_multipart_uploads_parts,2,upload_id,text,f,,,
storage,s3_multipart_uploads_parts,3,size,bigint,f,0,,
storage,s3_multipart_uploads_parts,4,part_number,integer,f,,,
storage,s3_multipart_uploads_parts,5,bucket_id,text,f,,,
storage,s3_multipart_uploads_parts,6,key,text,f,,,
storage,s3_multipart_uploads_parts,7,etag,text,f,,,
storage,s3_multipart_uploads_parts,8,owner_id,text,t,,,
storage,s3_multipart_uploads_parts,9,version,text,f,,,
storage,s3_multipart_uploads_parts,10,created_at,timestamp with time zone,f,now(),,
storage,vector_indexes,1,id,text,f,gen_random_uuid(),,
storage,vector_indexes,2,name,text,f,,,
storage,vector_indexes,3,bucket_id,text,f,,,
storage,vector_indexes,4,data_type,text,f,,,
storage,vector_indexes,5,dimension,integer,f,,,
storage,vector_indexes,6,distance_metric,text,f,,,
storage,vector_indexes,7,metadata_configuration,jsonb,t,,,
storage,vector_indexes,8,created_at,timestamp with time zone,f,now(),,
storage,vector_indexes,9,updated_at,timestamp with time zone,f,now(),,
supabase_migrations,schema_migrations,1,version,text,f,,,
supabase_migrations,schema_migrations,2,statements,text[],t,,,
supabase_migrations,schema_migrations,3,name,text,t,,,
supabase_migrations,schema_migrations,4,created_by,text,t,,,
supabase_migrations,schema_migrations,5,idempotency_key,text,t,,,
supabase_migrations,schema_migrations,6,rollback,text[],t,,,
